41835777	Incidental Subependymoma of the Floor of the Fourth Ventricle: A Case Report.	Cureus	2026 Feb	Subependymomas are rare, slow-growing intraventricular tumors that are typically discovered incidentally and seldom present with transient sensory symptoms in young adults. We report the case of a 22-year-old woman who presented with episodic migratory paresthesias and was found on brain MRI to have a small fourth-ventricular lesion radiographically consistent with subependymoma. The patient's sensory symptoms resolved spontaneously, and no further episodes occurred. Conservative management with serial imaging was pursued. At the six-month follow-up, the lesion remained stable, and the patient was asymptomatic. Subependymomas most commonly become symptomatic due to cerebrospinal fluid obstruction, whereas episodic migratory paresthesias are unusual. This case highlights the value of early MRI in young adults with atypical sensory symptoms, which may reveal incidental yet clinically significant findings and help avoid unnecessary invasive testing. Small, non-obstructive fourth-ventricle subependymomas can be safely managed with observation, demonstrating excellent short-term clinical and radiographic outcomes.Copyright © 2026, Brekke-Kumley et al.
41835743	Pre-operative High-Resolution CT and MRI Evaluation in Pediatric Cochlear Implant Candidates: Correlation With Surgical Findings and Outcomes.	Cureus	2026 Feb	Purpose Congenital sensorineural hearing loss (SNHL) is a major childhood disability, and early cochlear implantation offers optimal auditory and language outcomes. High-resolution computed tomography (HRCT) and magnetic resonance imaging (MRI) are essential in evaluating candidacy, identifying inner ear malformations (IEMs), assessing cochlear nerve integrity, and predicting surgical challenges. This study evaluates the role of HRCT and MRI in pediatric cochlear implant candidates and correlates imaging findings with intraoperative events and postoperative outcomes. Methods This retrospective study included 32 children (<7 years) with congenital SNHL who underwent HRCT and MRI of the temporal bones. HRCT assessed mastoid pneumatization, middle ear status, vascular variants, facial recess anatomy, and cochlear morphology. MRI evaluated the membranous labyrinth, cochleovestibular nerve, internal auditory canal (IAC), and brain. Exclusion criteria included lack of consent, age >7 years, metallic implants, pacemakers, or prior cochlear implantation. Surgical records were retrospectively reviewed to assess operative complexity, including duration of surgery, intraoperative challenges, and complications encountered. Results Among 32 patients (mean age 2.9 years), mastoid aeration was normal in 81.25%, and the middle ear cavity was aerated in 90.63%. Sigmoid sinus variants, high-riding jugular bulbs (18.75%), and low-lying dural plates (34.38%) were common. Vestibular aqueduct anomalies were identified in 18.75%. The cochlear aperture was normal in 74.88%, widened in 12.5%, and stenosed in 6.25%. Inner ear malformations were present in 15.63%, including large vestibular aqueduct syndrome (LVAS), incomplete partitions, and cochlear hypoplasia, with cochlear nerve aplasia in two cases. Nineteen patients underwent cochlear implantation; all IEM cases experienced intraoperative perilymphatic gushers, consistent with imaging predictions. All surgeries used the transmastoid facial recess approach with an extended round window technique. Postoperative recovery was uneventful in all cases. Conclusions HRCT and MRI together provide a comprehensive assessment of pediatric cochlear implant candidates, enabling precise identification of IEMs, cochlear nerve anomalies, and surgical risk factors. Imaging reliably predicts intraoperative challenges such as gushers and aids in tailoring surgical approaches. A combined CT-MRI protocol is indispensable for optimizing safety, minimizing complications, and enhancing postoperative outcomes in pediatric cochlear implantation.Copyright © 2026, Mehta et al.
41835724	Understanding Pediatric Stroke: Etiology, Diagnosis, and Management in Children Under 15 Years.	Cureus	2026 Feb	Although rare in children under the age of 15, stroke is associated with significant mortality and long-term neurological morbidity. Understanding its underlying etiologies, accurate diagnostic modalities, and appropriate management is crucial for improving patient outcomes. This narrative review article aims to summarize the current literature discussing the etiology, diagnosis, and management of stroke in children aged 15 years old or younger. A comprehensive literature review was done using scientific databases such as PubMed, Scopus, and Google Scholar. The literature search included publications from 1997 to 2023, including peer-reviewed articles that specifically targeted pediatric stroke in patients under the age of 15 years. Only articles that specifically mentioned pediatric stroke were considered, excluding articles that specifically targeted adult patients, with a focus on more recent evidence in the management and therapeutic sections. The review identifies cardioembolic sources, vascular abnormalities, hypercoagulable states, and infections as major etiologies of ischemic stroke in children. Hemorrhagic strokes, though less common, are primarily caused by trauma, aneurysms, and coagulopathies. While imaging modalities such as MRI and MR angiography have enhanced diagnostic accuracy, their availability is limited in resource-poor settings. Management is complicated by limited pediatric evidence supporting thrombolysis in pediatric ischemic stroke and the limited applicability of adult treatment guidelines. Pediatric stroke is a rare but formidable diagnostic and therapeutic challenge due to its varied etiologies and clinical presentations. Early recognition and intervention are key to improving outcomes. Future research should focus on refining diagnostic strategies and developing targeted therapies for pediatric patients.Copyright © 2026, AlZamer et al.
41835680	Early Stroke in a Young Male: Could it be Cerebral Autosomal Dominant Arteriopathy With Subcortical Infarcts and Leukoencephalopathy (CADASIL)?	Cureus	2026 Feb	A man in his early 40s presented with a sudden-onset headache, slurred speech, drooling, and a transient left-sided facial droop, which resolved within a few hours. Cerebral autosomal dominant arteriopathy with subcortical infarcts and leukoencephalopathy (CADASIL) is a rare monogenic hereditary cerebrovascular disorder that can cause stroke in adults due to mutations in the NOTCH3 gene and is associated with characteristic white matter changes on imaging (the "NOTCH" part of the gene name is derived from the Drosophila melanogaster notched wing mutant, and "3" signifies that it is the third discovered human homologue). The presence of elevated blood pressure raised questions regarding an alternative etiology for stroke. Therefore, he was referred to the accident and emergency department for further evaluation, including an MRI of the brain, which showed an acute infarct with periventricular white matter changes involving the right internal capsule. This report highlights the importance of considering CADASIL as an underlying cause of stroke in patients with persistent symptoms and characteristic white matter changes.Copyright © 2026, Raj et al.
41835295	Parent Artery Occlusion for a Giant Serpentine Aneurysm of the Internal Carotid Artery under Electrophysiological Monitoring: A Case Report.	J Neuroendovasc Ther	2026	Giant serpentine aneurysms (GSAs) are a rare subtype of giant intracranial aneurysms characterized by partial thrombosis and a tortuous serpentine vascular channel. We report a case of pediatric GSA of the right internal carotid artery (ICA) in which ischemic tolerance was assessed using balloon test occlusion (BTO) with motor-evoked potential (MEP)/somatosensory-evoked potential (SEP) monitoring under general anesthesia, followed by parent artery occlusion (PAO).A 9-year-old boy was referred to our hospital for decreased right visual acuity detected during a school screening. Imaging revealed a GSA of approximately 39 mm extending from the siphon to the terminus of the right ICA. Under general anesthesia, BTO was performed with concurrent MEP and SEP monitoring. A transient decrease in MEP occurred 18 min after occlusion; however, the waveform recovered immediately with 10% stimulation intensity, and no further MEP deterioration was observed during BTO (total 30 min). PAO of the right ICA was then performed using the double-catheter technique. Postoperatively, the patient developed mild transient left upper limb weakness, and MRI revealed luxury perfusion; both the conditions resolved within a few days without infarct extension. The patient was discharged on postoperative day 10 without any new neurological deficits.This case suggests that when awake BTO is difficult to perform in pediatric patients, BTO with electrophysiological monitoring under general anesthesia can be useful, while highlighting the limitations of MEP monitoring. As a clinical symptom-based assessment is impossible during BTO performed under general anesthesia, a multimodal assessment may further enhance safety when transient MEP deterioration occurs. At present, BTO performed under MEP monitoring should be interpreted as a supplementary assessment to be used only when other alternative methods are unavailable.©2026 The Japanese Society for Neuroendovascular Therapy.
41835227	Organization of mouse prefrontal cortex subnetwork revealed by spatial single-cell multi-omic analysis of SPIDER-Seq.	Natl Sci Rev	2026 Mar	Deciphering the connectome, anatomy, transcriptome and spatial-omics integrated multi-modal brain atlas and its underlying organization principles remains a great challenge. We developed a Single-cell Projectome-transcriptome In situ Deciphering Sequencing (SPIDER-Seq) technique by combining viral barcoding tracing with single-cell sequencing and spatial-omics. This empowers us to delineate an integrated single-cell spatial molecular, cellular, anatomic and projectomic atlas of the mouse prefrontal cortex (PFC). The projectomic and transcriptomic cell clusters display distinct modular organization principles, but are coordinately configured in the PFC. The projection neurons gradiently occupied different territories in the PFC aligning with their wiring patterns. Importantly, they show higher co-projection probability to the downstream nuclei with reciprocal circuit connections. Moreover, we integrated the projectomic atlas with its distinct spectrum of neurotransmitters/neuropeptides with their receptor-related gene profiles in order to demonstrate the PFC neural signal transmission network, by which means we uncovered potential mechanisms underlying the complexity and specificity of neural transmission. Finally, leveraging machine learning, we predicted neuron projections with high accuracy by combining gene profiles and spatial information. As a proof of concept, we used this model to predict projections of fear recall engram neurons. This study facilitates our understanding of the brain multi-modal network and neural computation.© The Author(s) 2026. Published by Oxford University Press on behalf of China Science Publishing & Media Ltd.
41835176	The relationship between corticospinal tract and the affected lower limb function and walking ability in subacute stroke patients: a preliminary study.	J Phys Ther Sci	2026 Mar	[Purpose] The relationship between corticospinal tract (CST) integrity and upper limb motor function after stroke is well studied, but its association with lower limb motor function remains unclear. In addition, the analysis by type of stroke are remains insufficient. This study examined the relationship between CST integrity, lower limb motor function, and walking ability in subacute stroke patients, considering type of stroke. [Participants and Methods] In this study, 27 patients with cerebral infarction and 13 patients with intracerebral hemorrhage were included. Diffusion tensor imaging (DTI) assessed CST integrity using the fractional anisotropy ratio (rFA) at the cerebral peduncle. Motor function was evaluated with the Fugl-Meyer Assessment of Lower Extremity (FMA-LE), the affected-side muscle strength with a handheld dynamometer, and walking ability with Functional Ambulation Categories (FAC). Group differences between types of stroke and correlations between rFA and motor function were analyzed. [Results] Patients with intracerebral hemorrhage had significantly lower rFA. rFA correlated with FMA-LE and lower limb muscle strength, except for hip extensors. Walking ability was also associated with rFA and FAC. [Conclusion] CST integrity as assessed by DTI was associated with motor function of the affected-side lower limb and walking ability in subacute stroke patients and warrant further study.2026©by the Society of Physical Therapy Science. Published by IPEC Inc.
41835134	Classifying irritable bowel syndrome using spatio-temporal graph convolution networks on brain functional MRI data.	Brain Commun	2026	Irritable bowel syndrome (IBS) is a functional gastrointestinal disorder marked by abdominal pain and changes in stool consistency or frequency. Recent studies have explored the link between IBS and alterations in brain networks using functional MRI. Despite these efforts, an effective diagnostic or predictive model for IBS remains elusive. This shortfall is twofold: firstly, the sample sizes in these studies are typically small, and secondly, the machine learning or deep learning models currently in use fail to adequately detect the subtle and dynamic pathological changes present in functional MRI data for IBS. In this study, we extracted rs-functional MRI of 79 subjects with IBS and 79 healthy controls, then put them into spatio-temporal graph convolution network (ST-GCN) for classification. We also incorporated a novel interpretability module into this model to identify potential regions of interest (ROI) associated with IBS. Our model outperformed other state-of-the-art machine learning and deep learning methods with the highest average accuracy of 83.51% on our dataset. Furthermore, based on the results of our interpretability module, the Inferior Parietal Lobule (IPL.R), Inferior Frontal Orbital part (ORBinf.R), Postcentral Gyrus (PCG.R), Middle Frontal Orbital part (ORBmid.R), and Superior Medial Frontal Orbital part (ORBsupmed.L) were identified as top 5 important brain regions for distinguishing IBS patients from the control group, which are consistent with the brain regions identified in previous literature reviews. We also conducted three external data-driven experiments to further validate the effectiveness of the interpretability module: (1) Experiment only on important brain regions; (2) Comparison with the Perturbation-Based Methods; (3) Correlation analysis. The results indicate that the selected regions significantly impact IBS.© The Author(s) 2026. Published by Oxford University Press on behalf of the Guarantors of Brain.
41835080	DenseLes: slice-wise dense network for multiple sclerosis lesion segmentation and classification.	Front Neurol	2026	Accurate and reliable segmentation of multiple sclerosis (MS) lesions from magnetic resonance imaging (MRI) is essential for diagnosis and monitoring disease progression. Therefore, a robust and efficient automated approach can rapidly provide information about the patient. Here, a convolutional neural network-based method is proposed to segment lesions from FLAIR images. The DenseLessystem includes two stages: pre-processing of image data (brain extraction, standardization), then segmentation of MS lesions using an end-to-end slice-wise dense network. We also identified the segmented lesions in specific locations [periventricular, (juxta)cortical, infratentorial, and spinal]. DenseLesis evaluated and compared to other methods on our assembled data and the public MSSEG 2016 MS challenge dataset. Our model demonstrates a significant improvement in segmentation quality over previous approaches, achieving an average Dice score of 0.80% on the Szeged MS dataset. On the MSSEG 2016 dataset, our method achieved Dice scores ranging from 0.32% to 0.73%, comparable to those of human raters.Copyright © 2026 Katona, Bozsik, Bodnár, Kocsis, Tóth, Szabó, Király, Faragó, Nyúl, Veréb and Kincses.
41835016	Hallucinations and cognitive impairment are associated with blood pressure fluctuations in Parkinson's disease.	BMJ Neurol Open	2026	Patients with Parkinson's disease (PD) frequently develop cardiovascular autonomic dysfunctions, including blood pressure (BP) fluctuations and orthostatic hypotension (OH) in the early stage, and hallucinations or cognitive impairment in the middle stage to late stage. The current study aimed to determine whether OH, BP fluctuations and cerebral white matter hyperintensities (WMHs) on MRI are associated with the development of hallucinations and cognitive impairment.In this joint cross-sectional case-control study conducted across two institutions, we analysed the systolic BP coefficient of variation (SBP-CV) and nocturnal BP dipping using ambulatory BP monitoring and OH prevalence in 121 patients with PD and 21 hospital controls. The association between these factors and hallucinations/psychosis or cognitive impairment was analysed using multivariable logistic regression models. Then, we conducted mediation analyses of the relationship between abnormal BP fluctuations and cognitive impairment in PD, with WMHs evaluated using the Fazekas scale as the intermediate factor.Patients with PD were characterised by large SBP-CV without pulse rate-CV elevation, neurogenic OH and riser pattern of nocturnal BP dipping. Neurogenic OH was significantly associated with hallucinations/psychosis (adjusted OR: 6.22; 95% CI 2.47 to 15.64; p<0.001), and large SBP-CV was significantly associated with hallucinations/psychosis (adjusted OR: 2.15; 95% CI 1.32 to 3.53/5 points; p=0.002) and cognitive impairment (adjusted OR: 1.79; 95% CI 1.15 to 2.78/5 points; p=0.010). Periventricular hyperintensity (PVH) was associated with cognitive impairment (adjusted OR: 5.80; 95% CI 1.81 to 18.61; p=0.003), but not with BP fluctuations. The ORs for SBP-CV in cognitive impairment in PD were very similar across multivariable analyses that included PVH or deep WMH as mediator variables.Large BP fluctuations in PD were associated with hallucinations and cognitive impairment, but WMHs did not mediate this relationship.Copyright © Author(s) (or their employer(s)) 2026. Re-use permitted under CC BY-NC. No commercial re-use. See rights and permissions. Published by BMJ Group.
41834818	Neural Effects of Low-Frequency Acupoint Electrical Stimulation Therapy on Patients With Poststroke Motor Dysfunction: A Resting-State Functional Magnetic Resonance Imaging Study.	Arch Rehabil Res Clin Transl	2026 Mar	To investigate differences in brain functional activity between patients with poststroke motor dysfunction and healthy individuals, and to examine the effects of low-frequency acupoint electrical stimulation on brain regional homogeneity (ReHo) in patients.This was a case-control study.The study was conducted in a local tertiary hospital.Twenty-eight patients with poststroke motor dysfunction (infarcts in the right basal ganglia region; 19 men, 9 women; mean age 59.07±9.03y) were recruited to form the Treatment group (Tx). Concurrently, 20 age- and gender-matched healthy controls (HCs) were recruited (14 men and 6 women, with an average age of 57.60±8.36y).The Tx received low-frequency acupoint electrical stimulation. Scalp Acupoint Selection: motor area on the affected hemisphere. Limb Acupoint Selection: acupoints on the affected limb, forming the following pairs: Shousanli (LI10) - Waiguan (SJ5); Ximen (PC4) - Neiguan (PC6); Zusanli (ST36) - Shangjuxu (ST37); and Heyang (BL55) - Chengshan (BL57). Head: frequency 2 Hz, pulse width 100 µs, and intensity 1.5 mA. Upper limb: frequency 35 Hz, pulse width 200 µs, and intensity 40 mA. Lower limb: frequency 50 Hz, pulse width 400 µs, and intensity 40 mA. Each session lasted 30 minutes, administered once daily for 6 sessions per week over 3 weeks.The primary endpoint was the improvement from baseline in ReHo for patients with stroke at 3 weeks.Compared with HCs, patients with stroke showed increased ReHo in the bilateral parahippocampal gyrus, bilateral cerebellum, and cerebellar vermis, whereas ReHo decreased in sensorimotor network (SMN)-related brain regions (false discovery rate [FDR]-corrected, P<.05). After intervention, ReHo increased in the right SMN-related brain regions, whereas ReHo decreased in the left cerebellum and left angular gyrus (FDR-corrected, P<.05). Right precentral gyrus ReHo changes positively correlated with Fugl-Meyer Assessment improvement. Left cerebellum ReHo changes positively correlated with Modified Barthel Index improvement but negatively with National Institute of Health Stroke Scale improvement. Other regions showed no significant correlation.Abnormal synchrony between SMN and cerebellum may be a key pathologic feature in poststroke motor dysfunction. Lateralized SMN functional remodeling is a potential neural mechanism for motor recovery via low-frequency acupoint electrical stimulation.© 2025 The Authors.
41834684	Evidence of White Matter Neuroinflammation in Myalgic Encephalomyelitis/Chronic Fatigue Syndrome: A Diffusion-Based Neuroinflammation Imaging Study.	Hum Brain Mapp	2026 Mar	Myalgic encephalomyelitis/chronic fatigue syndrome (ME/CFS) is a debilitating disorder with suspected neuroinflammatory pathophysiology. However, previous diffusion tensor imaging (DTI) studies have reported inconsistent white matter abnormalities in ME/CFS, and specific white matter inflammatory changes remain poorly characterised. This study employed an advanced diffusion-based neuroinflammation imaging (NII) model to investigate white matter neuroinflammation in ME/CFS. Diffusion MRI data from 67 ME/CFS patients (median age, 38; and 54 women) and 67 rigorously matched healthy controls (HCs) (median age 38; and 52 women) were analysed. Seven NII-derived metrics were computed: hindered water ratio (NII-HR), restricted fraction (NII-RF), fibre fraction (NII-FF), axial diffusivity (NII-AD), radial diffusivity (NII-RD), mean diffusivity (NII-MD) and fractional anisotropy (NII-FA). Conventional DTI metrics were also calculated. Tract-based spatial statistics were used to perform voxel-wise group comparisons, and multiple regression analysis was conducted to examine the relationship between NII/DTI metrics and clinical measures of mental health, physical health, sleep quality, disability, disease severity and disease duration. Compared to HCs, ME/CFS patients exhibited widespread white matter abnormalities, including significantly lower NII-HR and NII-RF, and significantly higher NII-FF, NII-AD, NII-MD and NII-FA across association, commissural and projection fibres. Additionally, some regions showed decreased NII-AD and NII-MD in ME/CFS. Lower NII-RF, NII-AD and NII-MD in ME/CFS were significantly associated with worse mental health, while lower NII-RF was also associated with a higher level of disability. Among ME/CFS patients, higher NII-FF was associated with lower disease severity. Conventional DTI showed minimal group differences and no significant clinical associations. This study provides in vivo evidence of white matter neuroinflammation in ME/CFS, characterised by cerebral edema (reduced NII-HR), cellular infiltration (reduced NII-RF) and axonal reorganisation (increased NII-FF). This suggests NII-derived indices may serve as sensitive biomarkers for neuroinflammation in ME/CFS.© 2026 The Author(s). Human Brain Mapping published by Wiley Periodicals LLC.
41834676	Somatosensory Evoked BOLD-Signals With Ultra-High Temporal Resolution.	Hum Brain Mapp	2026 Mar	The blood oxygen level-dependent (BOLD) signal has been instrumental in characterizing brain activity. While the spatial resolution of fMRI continues to improve, relatively few methods have focused on enhancing and leveraging temporal resolution to investigate the spatiotemporal dynamics of the hemodynamic response. In this study, we applied a reordering method to achieve ultra-high temporal resolution (60 ms) in data acquired during a somatosensory stimulation paradigm. We then used a finite impulse response model (FIR) for each participant (N = 31) to preserve the temporal dynamics in the statistical analysis. At the group level, we employed an ANOVA combined with 4D nonparametric permutation testing to identify significant signal changes in time across the whole brain. Our results characterize the hemodynamic response in terms of both its temporal and spatial patterns and reveal distinct differences in response shapes within the somatosensory system. This method introduces a time-resolved approach to BOLD signal analysis, drawing inspiration from grand-average techniques commonly used in EEG research.© 2026 The Author(s). Human Brain Mapping published by Wiley Periodicals LLC.
41834446	A reference-based PET/MRI method for quantifying activation-induced changes in cerebral oxygen metabolism.	J Cereb Blood Flow Metab	2026 Mar 15	Hybrid PET/MRI can overcome the complexity of PET imaging of the cerebral metabolic rate of oxygen (CMRO2), while retaining the ability to directly measure oxygen uptake in the brain. One technique, PMROx, incorporates complementary MRI methods acquired simultaneously with [15O]O2-PET. Specifically, the MRI-based method arterial spin labelling (ASL) to image cerebral blood flow (CBF) and MR-susceptometry to measure whole-brain CMRO2. PMROx is non-invasive with imaging times around 5 min, making it feasible to image CMRO2 under different conditions in one session. This study presents the first application of PMROx to humans with the aims of evaluating its reliability and sensitivity to increased CMRO2 during functional activation (right-handed sequential finger tapping). In addition, blood-oxygen level dependent (BOLD) images were acquired to compare BOLD contrast to underlying changes in CBF and CMRO2. Across 14 participants, mean CMRO2 was 3.2 ± 0.5 mLO2/100 g/min with excellent within-session repeatability. Significant increases in CBF, CMRO2 and BOLD contrast were detected in the primary sensorimotor cortex, supplementary motor area and secondary somatosensory cortex. This study demonstrated the ability of PMROx to image CMRO2 non-invasively, its sensitivity to increased regional CMRO2 and how PET/MRI provides the opportunity to compare BOLD contrast to underlying changes in perfusion and oxygen metabolism.
41834064	A Feasibility Study of Navigating Emotional States Using Real-Time Representational Similarity Analysis fMRI Neurofeedback.	Int J Neural Syst	2026 Mar 16	Real-time functional magnetic resonance imaging neurofeedback (rt-fMRI-NF) is a promising noninvasive brain computer interface (BCI) technique for enhancing self-regulation of affective brain states. However, conventional univariate rt-fMRI-NF approaches struggle to discriminate distributed neural patterns underlying distinct emotions. This study implemented an rt-fMRI semantic neurofeedback (rt-fMRI-sNF) paradigm incorporating real-time representational similarity analysis (rt-RSA) to enable navigation among emotional states. Four emotion-specific base patterns were first derived from functional localizer runs and then used as target patterns during neurofeedback. Using an RSA-informed circular semantic map (CSM), participants received real-time visual feedback indicating both the similarity and intensity of their current brain activity relative to target patterns. Participants were instructed to use mental imagery to shift their brain activity toward the specific target pattern and enhance its intensity. Analyses of localizer data revealed overlapping regional activations across emotions and demonstrated that RSA reliably distinguished between emotional states. Group-level mixed-effects modeling of neurofeedback performance indicated significant within-run improvements and higher initial performance in the second run. Together, these results demonstrate the methodological feasibility of an RSA-informed rt-fMRI-NF framework for multivariate brain-state modulation and establish a foundation for future studies examining its transferability and clinical relevance.
41833890	Portraits and Memory: Investigating HF-rTMS Effects on Episodic Recall through a Sham-Controlled fMRI Study.	Neuroimage	2026 Mar 13	The dorsolateral prefrontal cortex (DLPFC) is implicated in cognitive control and memory processes, but its causal role in episodic retrieval, especially for complex abstract stimuli, remains unclear. This study examined whether high-frequency repetitive transcranial magnetic stimulation (HF-rTMS) over the left DLPFC modulates memory performance and associated brain activation patterns.In a within-subject, sham-controlled fMRI design, 20 healthy female participants viewed and encoded abstract portrait images. Following a single session of active or sham HF-rTMS, they completed a recognition memory task during scanning. Behavioral measures (reaction times, accuracy) were recorded, and whole-brain and region-of-interest (ROI) analyses assessed activation differences related to stimulation and stimulus type (seen vs. unseen).Seen portraits elicited faster responses overall. However, active HF-rTMS reduced accuracy specifically for seen stimuli, indicating a speed-accuracy trade-off. fMRI analyses revealed a significant interaction between stimulation and stimulus type: active HF-rTMS increased BOLD activity in the left hippocampus (notably the dentate gyrus and subiculum) and right calcarine cortex during recognition of seen stimuli. No comparable effects were observed for unseen images.A single session of HF-rTMS over the left DLPFC selectively altered the neural dynamics of episodic memory retrieval for abstract portrait stimuli. Although behavioral performance did not improve-and showed reduced accuracy for previously seen items-stimulation elicited increased activation in hippocampal subregions and early visual cortex during successful retrieval. These findings demonstrate that prefrontal neuromodulation can reshape hippocampal-visual network engagement during episodic recall without concomitant behavioral enhancement, highlighting not only the needed engagement of the left DLPFC, but also the potential dissociation between neural recruitment and memory accuracy when processing complex abstract stimuli.Copyright © 2026. Published by Elsevier Inc.
41833887	Biological validity, test-retest reliability, and behavioral relevance of the single-subject brain volumetric similarity network.	Neuroimage	2026 Mar 13	The T1-weighted brain magnetic resonance imaging (MRI)-based volumetric similarity network (VSN) offers an advantage in clinical settings due to its ease of acquisition and widespread availability. However, its validity, reliability, and behavioral relevance remain unclear. The present study aimed to assess the reproducibility and utility of the VSN as a foundation for future research and clinical applications. Here, we analyzed three datasets (total N = 354), with two datasets having repeated MR runs (Dataset 1: n = 86; Dataset 2: n = 49) and two having an attention measure (Datasets 1 and 3: n = 219). For each run and participant, the VSN was generated using interregional morphological similarity metrics. We examined whether the VSN reflects the brain's cytoarchitecture and assessed its test-retest reliability by using connectome fingerprints in Datasets 1 and 2. We also examined the VSN's behavioral relevance and further tested its predictive utility using connectome-based predictive modeling in Datasets 1 and 3. The VSN defined using the z-transformed interregional correlation showed significant spatial similarity with the cytoarchitectonic covariance network (rhos = 0.23 and 0.22 in Datasets 1 and 2, respectively; p < 0.01). The VSN also yielded high test-retest reliability, demonstrated by high identification accuracy (91% and 100% in Datasets 1 and 2, respectively). However, unlike the functional connectome (r > 0.31, p < 0.01), VSNs did not reliably predict individual differences in attention (r < 0.1, p > 0.3). This study demonstrates the biological validity and high reliability of the VSN to support brain fingerprinting of individual subjects, but not individual differences in attention.Copyright © 2026. Published by Elsevier Inc.
41833849	Associations Between Infant Brain Structure and Function Assessed Using Magnetic Resonance Imaging and Parent-Reported Negative Affectivity in the First Two Years of Life: A Narrative Review.	Neurosci Biobehav Rev	2026 Mar 13	Negative affectivity (NA), the tendency to experience negative emotions, is a robust predictor of later psychiatric disorders. Infancy is a period marked by rapid maturation in emotional functioning as well as brain structure and function. Thus, characterizing associations between brain structure and function and NA could yield important insights into the etiology of mental health difficulties. This narrative review synthesizes findings on associations between brain structure and function assessed using magnetic resonance imaging (MRI) and parent-reported NA in the first two years of life. Three key takeaways emerged. First, amygdala volume and white matter integrity was negatively associated with NA. Amygdala functional connectivity was also found to be associated with NA, though the direction of associations varied by networks examined. Second, associations between default mode (DMN) intra- and inter-network connectivity and NA varied based on the specific networks examined and developmental timepoint of assessment. Third, orbitofrontal cortex (OFC) functional connectivity and perfusion were negatively associated with NA, while medial and lateral OFC white matter integrity were predominantly positively associated with NA. Most reported associations had small effect sizes. Further, small sample size for most studies, and heterogeneity in both the MRI data processing and analyses, limit confidence in the results. Future research would benefit from robust infant MRI processing pipelines, larger collaborative datasets, extended longitudinal designs beyond 12 months, examination of genetic and prenatal factors influencing regional brain and emotional development, comprehensive statistical reporting, and integrating parent-report and observational temperament measures to better characterize early neurodevelopmental pathways to psychopathology risk.Copyright © 2026. Published by Elsevier Ltd.
41833818	Income Instability During Pregnancy Prospectively Relates to Postpartum Brain Function for Parent-Infant Bonding.	Biol Psychiatry Cogn Neurosci Neuroimaging	2026 Mar 13	Pregnancy represents a critical period of neuroplasticity when environmental stressors can disrupt the neurobiological foundations of parent-infant bonding, with lasting consequences for perinatal mental health. While chronic poverty has been linked to adverse parenting outcomes, the specific impact of income instability during pregnancy on parental brain adaptation remains unknown.We examined whether prenatal income changes prospectively influence neurobiological responses to infant distress cues among birthing individuals (n = 120) in the early postpartum period. Monthly income data across pregnancy were used to compute income-to-needs ratio (INR), income losses, and income gains. Participants underwent fMRI while listening to their own and a control infant's cry and matched white noise.Income losses during pregnancy were associated with dampened brain responses to infant cry across motor, auditory, and empathy-related cortices, a pattern consistent with impaired caregiving sensitivity and known risk factors for postpartum depression. These neurobiological alterations were paralleled by elevated prenatal depression and anxiety symptoms. In contrast, income gains were associated with greater activation to one's own infant's cry in prefrontal regions involved in cognitive empathy and emotion regulation, and were linked to stronger postnatal attachment bonds.These findings suggest that prenatal income instability is associated with variation in postpartum brain responses within circuits relevant to caregiving and parent-infant bonding. The associations between prenatal income loss and prenatal mood symptoms also suggest that screening for economic instability during routine prenatal care may help identify families who could benefit from additional supports, including mental health resources.Copyright © 2026. Published by Elsevier Inc.
41833812	Dimensional Associations Between Conduct Problems and Brain Structure Across 18 International Cohorts in ENIGMA.	J Am Acad Child Adolesc Psychiatry	2026 Mar 13	Although conduct problems (CPs) are continuously distributed, little is known about how dimensional measures of CPs map onto brain structure. We therefore used the largest sample assembled to date to comprehensively assess associations between dimensionally-measured CPs and brain structure.T1-weighted structural brain MRI scans from 14,160 youths (5-21 years, 37.6% female) across 18 international case-control, community-, and population-based cohorts were pre-processed using ENIGMA-standardized protocols. Regression models examined associations between CPs and cortical thickness, surface area, and subcortical volumes, adjusting for age, sex, and intracranial volume. We also investigated moderation by sex, age, and callous-unemotional traits.We observed widespread but small (beta: -0.02 to -0.07) negative associations between CPs and surface area (total surface area, 23/34 regions), cortical thickness (average thickness, 15/34 regions), and amygdalar and hippocampal volumes. Sex was a key moderator, with many surface area associations limited to boys, and some thickness associations limited to girls. Some associations were stronger in younger children and at lower levels of callous-unemotional traits. The impact of adjusting for IQ and other psychopathology varied by outcome (e.g., most surface area findings survived IQ adjustment whereas cortical thickness associations did not).CPs were associated with subtle, yet widespread, alterations in brain structure. Findings overlapped with differences observed in categorically-measured conduct disorder, but novel associations with cortical thickness were identified. This provides further evidence that neuroanatomical differences are not limited to youths with clinically-elevated CPs. Our findings have potential implications for neurocognitive models of CPs as they extend beyond the regions highlighted in these models.Copyright © 2026. Published by Elsevier Inc.
41833745	Genetic susceptibility to schizophrenia and the onset of brain developmental change in adolescence.	Biol Psychiatry	2026 Mar 13	Early neurodevelopmental manifestations of genetic vulnerabilities to psychopathology are crucial for understanding disease onset and informing early intervention. However, the timing of when genetic risks begin to manifest in the brain remains unclear.We leveraged two large neurodevelopmental cohorts: the Adolescent Brain Cognitive Development (ABCD) Study in the US and the Generation R (GenR) Study in the Netherlands. Repeated measures brain imaging data were collected from 6,229 individuals of European descent (mean baseline age 10 years), with an average follow-up of 2 (ABCD) to 4 (GenR) years. Using whole-brain vertex-wise linear mixed models, we investigated how polygenic scores (PGS) for four psychiatric disorders (attention-deficit/hyperactivity disorder (ADHD), autism, schizophrenia, major depression) and educational attainment associate with brain morphological trajectories.Children with low genetic susceptibility to schizophrenia presented expected increases in cortical surface area of the caudal middle and superior frontal regions during early adolescence, whereas those with higher genetic susceptibility showed decreases in these regions, suggesting divergent neurodevelopmental trajectories that may begin during this period. No significant associations were found between other psychiatric PGSs and brain structural changes over time. However, higher PGS for educational attainment were associated with persistently larger surface areas, while higher PGS for ADHD were related to persistently smaller surface areas in frontal and temporal lobes across time.We show that the impact of genetic susceptibility to schizophrenia may begin to manifest in the brain in early adolescence, revealing dynamic neurodevelopmental changes that may serve as potential biomarkers for early detection of schizophrenia.Copyright © 2026. Published by Elsevier Inc.
41833699	Dynamic functional connectivity changes in noise-induced hearing loss: a resting-state fMRI study with machine learning-based classification.	Brain Res Bull	2026 Mar 13	Noise-induced hearing loss impacts brain health and cognition, with dynamic functional connectivity analysis offering a promising but underexplored method for studying whole-brain activity. Therefore, this study aimed to utilise dynamic functional connectivity analysis to investigate abnormal temporal variability in whole-brain functional connectivity in patients with noise-induced hearing loss.In this observational study, 58 patients with noise-induced hearing loss and 42 healthy male controls, matched for age and education, underwent resting-state functional magnetic resonance imaging. The sliding window approach was employed to evaluate dynamic functional connectivity between region pairs, and k-means clustering was used to identify dynamic functional connectivity states. A two-sample t-test was used to compare differences in dynamic functional connectivity variability and state metrics between patients with noise-induced hearing loss and healthy male controls (P < 0.05). Abnormal brain dynamic functional connectivity features were identified using false discovery rate correction and least absolute shrinkage and selection operator classiﬁer. These features were used to construct support vector machine classiﬁers.Compared with healthy male controls, patients with noise-induced hearing loss demonstrated decreased dynamic functional connectivity between the right supplementary motor area and bilateral cuneus and increased dynamic functional connectivity between the supplementary motor area and left inferior parietal gyrus. The support vector machine classifier based on abnormal dynamic functional connectivity features selected by false discovery rate correction successfully distinguished between patients with noise-induced hearing loss and healthy male controls with an accuracy of 82.5%. The accuracy of the support vector machine classifier based on least absolute shrinkage and selection operator-selected abnormal dynamic functional connectivity features reached 96.8%.This study revealed abnormal dynamic functional connectivity patterns in patients with noise-induced hearing loss, offering insights into the complex neuropathological mechanisms underlying long-term brain network changes associated with this disease.Copyright © 2026. Published by Elsevier Inc.
41833371	[A case of refractory meningovascular syphilis followed up by vessel wall imaging].	Rinsho Shinkeigaku	2026 Mar 14	Meningovascular syphilis (MVS) is a rare but important cause of stroke. Vessel wall imaging (VWI) has emerged as a useful tool for evaluating cerebral vasculitis, but its correlation with clinical outcomes remains unclear. A 67-year-old man was admitted to our department with acute onset of left hemiparesis following headache and behavioral abnormalities. Brain MRI revealed subarachnoid hemorrhage in the right frontal lobe and acute infarctions in the right basal ganglia and parietal lobe. MRA demonstrated stenosis of the right middle cerebral artery. Serological and cerebrospinal fluid tests for syphilis were positive, and cerebrospinal fluid analysis showed pleocytosis, leading to a diagnosis of MVS. The patient was treated with intravenous penicillin G for 14 days. Although initial improvement was observed, the patient experienced recurrent subarachnoid hemorrhages and multiple cerebral infarctions, with progressive stenosis in multiple cerebral arteries. VWI revealed concentric wall thickening and homogeneous enhancement of both middle cerebral arteries. Treatment was escalated to include antiplatelet agents and immunosuppressive therapy with corticosteroids. While syphilis markers and VWI enhancement findings improved, clinical symptoms and arterial stenosis showed only limited recovery. This case highlights the utility of VWI in evaluating and monitoring cerebral vasculitis associated with MVS. However, VWI improvement did not correlate with clinical recovery, suggesting the need for further investigation into treatment strategies and prognostic indicators.
41833369	[Amyloid β-related angiitis (ABRA) with dural contrast enhancement].	Rinsho Shinkeigaku	2026 Mar 14	An 82-year-old woman presented with a rapidly progressive decline in cognitive function, which had previously been worsening over several months. Brain MRI revealed a lesion predominantly involving the leptomeninges of the right parietal lobe. Based on the presence of leptomeningeal-predominant lesions, cerebral microbleeds, and superficial siderosis, amyloid β-related angiitis (ABRA) was suspected. However, due to atypical findings such as dural enhancement, we performed a brain biopsy, leading to a definitive diagnosis of ABRA. Steroid therapy resulted in improvements in both clinical symptoms and imaging findings. Imaging findings in this case suggest that inflammation originating in the leptomeninges extended bidirectionally into both the brain parenchyma and the dura mater. This progression pattern is of particular interest for understanding the pathophysiology of ABRA and may offer a future possibility of avoiding brain biopsy by identifying characteristic imaging features.
41833257	Localizing the epileptogenic zone using deep learning and neuroimaging: A systematic review.	Seizure	2026 Mar 9	Deep learning (DL) techniques may support localizing the epileptogenic zone (EZ) and improve surgical outcomes in drug-resistant epilepsy. This systematic review synthesizes current evidence on DL-assisted EZ localization from neuroimaging acquisitions, aiming to outline methodological trends, limitations, and future directions that bridge the gap between clinical translation and technological advances.We systematically searched PubMed, Scopus, and Embase (via Ovid) on April 15, 2025, for studies applying DL to localize the EZ using neuroimaging data. The bias and applicability of studies was assessed using the PROBAST+AI tool. We extracted methodological details, as well as key performance metrics.Thirty-six studies met the eligibility criteria, most focusing on segmenting epileptogenic lesions using structural MRI. Focal cortical dysplasia was the most commonly targeted pathology, with fully convolutional networks being the predominant DL architecture. Approximately two-thirds of the studies showed high risk of bias and clinical applicability concerns, limited by non-representative cohorts and suboptimal evaluation methods. Five studies reported promising EZ detection rate in MRI-negative cases using large multi-center cohorts, yet progress in fine-grained localization tasks, such as lesion segmentation, remained moderate.This review highlights methodological limitations hindering the clinical translation of current DL approaches for EZ localization and provides a comprehensive set of recommendations to address them. Future work should prioritize developing standardized, clinically informative evaluation frameworks and explore research avenues aligned with modern DL practices, spanning from uncertainty quantification to large-scale vision foundation models and synthetic data generation.Copyright © 2026 The Authors. Published by Elsevier Ltd.. All rights reserved.
41833203	Exploratory analysis of the associations of the brain age gap with cognitive function and amyloid-β accumulation: participants selection based on metabolic and physiological blood markers.	Neurobiol Aging	2026 Mar 11	The brain age gap (BAG) is defined as the difference between brain age estimated from MRI using artificial intelligence and chronological age, and has been proposed as a biomarker reflecting aging and neurodegeneration. However, the association between BAG and dementia-related biomarkers has yielded inconsistent findings in previous studies. Conventional training datasets have primarily been defined based on medical history and MRI findings, which may have included participants with underlying metabolic and physiological abnormalities, potentially contributing to these inconsistent results. In this exploratory study, we examined whether incorporating metabolic and physiological blood test parameters into participant selection would influence the association between BAG and dementia-related biomarkers. Using MRI and blood test data from 680 participants, we developed two machine learning-based brain age models. Model 1 was based on conventional selection criteria, whereas Model 2 additionally incorporated blood test parameters. BAG was estimated in 38 participants who underwent MRI and amyloid PET imaging. Differences between amyloid-positive and amyloid-negative groups were assessed using the Wilcoxon rank-sum test, and associations with standardized uptake value ratio, Centiloid scale, and Mini-Mental State Examination were evaluated using Spearman's rank correlation analysis. Model 2 showed higher BAG in the amyloid positive group and exhibited stronger associations with amyloid-β accumulation and cognitive function. These findings suggest that incorporating metabolic and physiological blood test parameters into participant selection may have emphasized the association between BAG and dementia-related biomarkers. However, because the independent test dataset was small, these results should be interpreted as exploratory, and validation in datasets is required.Copyright © 2026 Elsevier Inc. All rights reserved.
41833171	Memory like the human brain: A framework for decoding multimodal learning of brain-visual-linguistic features.	Med Image Anal	2026 Mar 10	Decoding human visual neural representations is scientifically important for advancing research on brain-like intelligence. Existing research typically aligns neural signals captured by fMRI or EEG with visual and linguistic features, thereby enabling models to decode brain activity into unseen visual categories. However, current methods still suffer from two fundamental challenges: (1) Representation drift. The alignment between learned features and new patterns degrades during continuous training, unlike the stable retention of knowledge in the human brain. (2) The incomplete modeling of common and individual representations. The model frequently fails to effectively disentangle common semantics from modality-specific information within image and text pairs. To address these issues, we propose a novel framework named MLHuB that mimics the human brain's learning mechanism. Firstly, we propose a memory unit responsible for reading and updating the learned text-image features as a way to consolidate acquired knowledge. Secondly, we compute common and individual features between text and images via orthogonal projection and utilize intra-modality mutual information maximization to regularize the learning of text-image pairs, encouraging the model to explore unseen knowledge. Finally, we integrate both intra- and inter-modality mutual information maximization to learn a more consistent joint representation between modalities. Extensive experiments on three datasets demonstrate that our proposed MLHuB achieves state-of-the-art performance.Copyright © 2026 Elsevier B.V. All rights reserved.
41833130	Evidence for compromised function of the glymphatic system in pediatric acquired demyelinating disorders.	J Neurol Sci	2026 Mar 11	Impairments in the glymphatic system (GS) have been found in adults with acquired demyelinating syndromes (ADS), suggesting disruptions to the brain's waste clearance system may contribute to disease symptoms. However, this system has not been well characterized in pediatric ADS (PADS) populations. In the present study, we assessed the GS function in 15 children with PADS using the recently developed diffusion tensor along the perivascular space (DTI-ALPS) method. DTI-ALPS was also assessed in a group of healthy comparison (HC) subjects and in a subset of patients six months after relapse. Significant reductions in DTI-ALPS index, reflective of disrupted GS function, were found in both left and right in the PADS group relative to HC group (ps < 0.01). ALPS indices were not associated with neurocognitive screening results (ps > 0.12). Additionally, in seven of the eight participants with PADS for whom follow-up data were available, the ALPS index increased at follow-up- though this was not significant at a group level (ps = 0.06-0.13). Lastly, we found no significant relationships between ALPS index and lesion or white matter metrics, suggesting DTI-ALPS may be independent. Our results show pediatric patients with demyelinating disorders have a lower ALPS index, as has been demonstrated in adults. These findings suggest ALPS could be an additional index of disease expression. Larger studies are needed to replicate these findings.Copyright © 2026 The Authors. Published by Elsevier B.V. All rights reserved.
41832913	Diagnosis, treatment, and postoperative follow-up of intracranial Ewing sarcoma (EWS): a case report.	Childs Nerv Syst	2026 Mar 15	This study investigates the diagnostic procedures, therapeutic strategies, and postoperative surveillance of primary intracranial Ewing Sarcoma (EWS), with a focus on a pediatric case in the posterior fossa and a comparative literature review.We present the case of a 6-year-old girl admitted with a 1-month history of worsening headaches and signs of elevated intracranial pressure. Preoperative MRI identified a large, heterogeneously enhancing mass in the left posterior fossa, initially suspected to be a medulloblastoma. The patient underwent maximal safe surgical resection via a posterolateral paramedian approach. Histopathological and molecular analysis confirmed the diagnosis of EWS, revealing the characteristic EWSR1-FLI1 fusion gene.Near-total resection of the tumor was achieved, with no gross residual tumor observed under the operating microscope. The patient subsequently received adjuvant radiotherapy (30 Gy) and multi-agent chemotherapy (VDC/IE regimen). An 8-month follow-up cranial MRI showed no evidence of tumor recurrence, and the patient remained neurologically stable.Intracranial EWS is exceptionally rare and poses a significant diagnostic challenge due to its nonspecific radiological features. Definitive diagnosis relies on integrated pathological and molecular genetic testing. This case underscores that a multimodal treatment strategy centered on maximal safe surgical resection, combined with radiotherapy and chemotherapy, can achieve favorable short-term oncological outcomes. A review of the literature highlights the prognostic importance of tumor location and extent of resection.© 2026. The Author(s), under exclusive licence to Springer-Verlag GmbH Germany, part of Springer Nature.
41832768	Regulation of Choroid Plexus Bicarbonate Transporters Following Intraventricular Hemorrhage in Mice.	Cell Biochem Funct	2026 Mar	Posthemorrhagic hydrocephalus is a severe complication to intraventricular hemorrhage. The condition results in enlarged brain ventricles and increased intracranial pressure due to accumulation of cerebrospinal fluid (CSF). In this study, two mouse models of intraventricular hemorrhage were investigated: injection of lysed red blood cells (LRBC) and injection of autologous full blood. CSF secretion and ventricular volume were assessed using ventriculo-cisternal perfusion and magnetic resonance imaging (MRI), while molecular and biochemical responses were analyzed by immunoblotting, RT-qPCR, flame photometry, and blood-gas measurements. LRBC injection induced a transient change in choroid plexus bicarbonate transporter expression, as the protein-abundance of Ncbe, a basolateral sodium-bicarbonate transporter, was reduced by 23% after 24 h but increased by 17% after 48 h. Injection with full blood transiently increased mRNA levels of the basolateral sodium-bicarbonate transporter NBCn1 and Ncbe without altering protein expression. The luminal electrogenic sodium: bicarbonate transporter, NBCe2, was unaffected both at the RNA and protein level. Both models were validated using ventriculo-cisternal perfusion demonstrating an increase in CSF volume by 70% in the IVH model after 24 h and 73% in the LRBC model after 3 days. No effect on secretion rate of CSF was detected. Additionally, in the LRBC model MRI was used to assess the time-course of brain ventricle size following hemorrhage. Here, an overall volume increase of 30% was found in the hemorrhage-induced mice compared to the control. These results demonstrate that both LRBC and full-blood injections can induce ventricular enlargement in mice, but through different molecular responses. Neither model reproduced sustained CSF hypersecretion, underscoring that murine models of intraventricular hemorrhage display a milder form of pathophysiology compared to e.g. rats.© 2026 The Author(s). Cell Biochemistry and Function published by John Wiley & Sons Ltd.
41832739	Enlarged perivascular spaces in patients with lacunar infarctions.	Curr Neurovasc Res	2026 Mar 13	Lacunar infarction (LI) and enlarged perivascular spaces (EPVSs) are key MRI findings in cerebral small vessel disease. The underlying causes of LI and EPVS share similarities. To explore their relationship, we examined the association between lacunar infarction (LI) and enlarged perivascular spaces (EPVS).We examined subjects with no history of brain disease (control) and patients with LIs requiring acute hospitalization. EPVS severity (graded 0-4) in the centrum semiovale (CSO) and basal ganglia (BG), along with other radiological findings such as white matter lesions (WML) and cerebral microbleeds (CMBs), and risk factors, were investigated using multivariate analyses.A total of 210 control subjects and 67 LI patients were included in this study. LI was significantly and independently associated with age >73 years, diabetes mellitus (DM), strictly deep CMBs or mixed CMBs, and BG-EPVS ≥ grade 2. Another multivariate analysis revealed that BG-EPVS ≥ grade 2 was significantly and independently associated with age ≥73 years, hypertension, DM, symptomatic LIs, and CSO-EPVS ≥ grade 3. WML was not related to LI, BG-EPVS ≥ grade 2, or CSO-EPVS ≥ grade 3.Although the risk factors may overlap, it was found that each of the four typical MRI findings of cerebral small vessel disease was not necessarily associated with the others.This study suggests a strong association between LI and BG-EPVS, but not CSOEPVS. However, BG-EPVS was linked to CSO-EPVS. WML showed no association with LIs, BG-EPVS, or CSO-EPVS. While radiological markers of cerebral small vessel disease are interrelated, their relationships vary.Copyright© Bentham Science Publishers; For any queries, please email at epub@benthamscience.net.
41832609	Reducing Inhomogeneous MT (ihMT) Acquisition Time Using Frequency Alternation at Low Duty Cycle for Single Offset (FALSO) MT Preparations.	Magn Reson Med	2026 Mar 14	To evaluate Frequency Alternation at Low duty cycle for Single Offset (FALSO) as a novel Magnetization Transfer (MT) preparation scheme to increase speed and/or spatial resolution of inhomogeneous MT (ihMT) MRI by reducing the number of volumes required.We compared FALSO MT to standard single frequency MT preparations using signal simulations and ihMT data acquired in a rat brain at 9.4 T and human brains at 3 T. Using FALSO MT preparations, combined with optimized Variable Flip Angle (VFA) MPRAGE readouts, we also acquired ihMT data at high resolution (down to 1.4 mm isotropic) to demonstrate the reduction in acquisitions required for ihMT images of sufficient SNR.We found no statistically significant difference between ihMT ratios from data acquired using FALSO MT preparations versus averaging data following separate positive and negative frequency offset MT acquisitions (as in regular ihMT to account for MT asymmetry). Use of VFA (relative to constant flip angle) readouts allowed high-resolution ihMT images with a minimal number of volumes to be acquired and reduced variance in ihMT ratios within ROIs.FALSO MT preparations allow for a reduction in the number of acquisitions required for ihMT while still controlling for MT asymmetry. IhMT data acquired with VFA readouts allow for higher resolution acquisitions in the same scan time. The combination of FALSO MT and VFA readouts can be used to increase the spatial and/or temporal resolution of ihMT experiments, allowing for easier clinical translation and improving the utility of ihMT in neurological studies of myelin.© 2026 The Author(s). Magnetic Resonance in Medicine published by Wiley Periodicals LLC on behalf of International Society for Magnetic Resonance in Medicine.
41832447	Functional connectome gradient alterations in herpes zoster and postherpetic neuralgia: associations with gene expression profiles.	J Headache Pain	2026 Mar 14	
41832365	Primary diffuse large B-cell lymphoma of cauda equina: a rare and challenging diagnosis.	J Hematop	2026 Mar 14	Primary diffuse large B-cell lymphoma (DLBCL) of cauda equina is a very rare manifestation of neurolymphomatosis. A 52-year-old female presented with progressive symptoms of left lower extremity burning sensation. After initial conservative management with no improvement, MRI of the lumbosacral spine showed pathologic enhancement and thickening of cauda equina nerve roots. Examination of cerebrospinal fluid, coupled with flow cytometry, was diagnostic of DLBCL. Clinicians and pathologists should be aware of this unusual and challenging clinical presentation of DLBCL.© 2026. The Author(s), under exclusive licence to Springer-Verlag GmbH Germany, part of Springer Nature.
41832350	Thalamic dynamics orchestrate the recovery of tonic alertness during nocturnal sleep inertia.	Commun Biol	2026 Mar 14	At dawn, we experience a shift from slumber to sentience following neurophysiological transitions, termed as sleep inertia (SI). Although resting-state fMRI studies have discovered brain reorganizations during SI, the neural basis underlying impaired alertness in SI remains unclear. We conduct simultaneous EEG-fMRI recordings on 26 adults with repeated measures of pre-sleep, nocturnal sleep and consecutive post-sleep awakenings. Using the psychomotor vigilance task (PVT) to probe tonic alertness, we discover that cingulo-opercular network (CON) activation, inclusive of thalamus, troughs upon awakening, and increments along with the post-sleep awake duration. The dynamic recovery of thalamus activity during SI depends on prior sleep architecture and the awake duration, mediating the PVT performances on awakening. Although CON connectivity remains stable, the connectivity changes between thalamus and frontoparietal network (FPN) are associated with changes of thalamic activation and PVT performances during SI. Collectively, thalamic activity and its coupling with the FPN support the restoration of tonic alertness during SI, providing a concise framework for the neural mechanisms underlying cognitive recovery upon awakening.© 2026. The Author(s).
41832083	A Multicenter Study on Deep Learning Model-Assisted Detection of Brain Metastases in MR Images.	Acad Radiol	2026 Mar 13	This study aimed to develop and validate a deep learning-based brain metastasis detection model (BMDM) in magnetic resonance images for diagnosing brain metastases (BMs).We retrospectively collected data from 950 patients serving as the training and test sets for developing BMDM and from an additional 423 patients as the validation set. Three reading modes were compared: radiologists only (10 total, four with ≤3 years of experience and six with >3 years of experience), BMDM only, and radiologists assisted by the BMDM. The alternative free-response receiver operating characteristic (AFROC) method was used for evaluation.The reading time was reduced by 30.87%, AFROC-area under the curve improved from 0.837 to 0.954, and sensitivity increased from 0.685 to 0.916 with BMDM assistance. The improvement in sensitivity was more pronounced among less experienced radiologists (24.59% vs 22.03%). The detection sensitivity improved by 33.45% for lesions ≤3 mm and by 43.00% for insular lesions.The results demonstrated that BMDM significantly enhanced time efficiency and diagnostic performance for BM detection, providing clinical benefits.Copyright © 2026. Published by Elsevier Inc.
41831926	Tuberculous meningitis presenting as MERS Type II syndrome: A case report.	Indian J Tuberc	2026 Jan	The mild encephalitis/encephalopathy with reversible splenial lesions of the corpus callosum is defined as a clinical-radiological entity that includes the presentation of encephalitis or encephalopathy associated with the presence of lesions visualized on MRI, typically described in the splenium of the corpus callosum. This entity has been associated with multiple etiologies, especially infectious ones; however, little literature discusses its association with tuberculosis. This case report describes a patient who initially presented with symptoms of mild encephalitis/encephalopathy with reversible splenial lesions of the corpus callosum, and was subsequently diagnosed with tuberculous meningitis as the underlying cause. Additionally, pathophysiology and a brief review of the subject are discussed.Copyright © 2025. Published by Elsevier B.V.
41831747	Childhood electroencephalographic signatures predict distinct developmental trajectories to adolescent anxiety and depression.	Biol Psychiatry	2026 Mar 12	Adolescence is a vulnerable period for the onset of anxiety and depression, yet their neurodevelopmental origins remain unclear.In this 7-year prospective longitudinal study, we recorded resting-state electroencephalogram (EEG) data at ages 7, 9, and 11, followed by fMRI scanning and symptom assessments at age 13. Using connectome-based predictive modeling, we examined whether childhood EEG patterns could predict adolescent symptoms, with rigorous control analyses and external validation in the Healthy Brain Network dataset (HBN, n = 384). We further characterized the developmental trajectories of these predictive networks. To mechanistically ground these electrophysiological markers, we conducted mediation analyses to test whether the amygdala-seeded circuits mediate the link between childhood EEG dynamics and adolescent symptom severity.We identified dissociable EEG indicators emerging at age 9 that predicted adolescent anxiety (alpha, 8-12 Hz) and depression (beta1, 12-18 Hz). Importantly, the dynamic maturation of these EEG networks highlighted distinct neurodevelopmental susceptibilities, in which longitudinal EEG shifts between ages 9 and 11 predicted symptom severity in adolescence. The divergent developmental trajectories of EEG-based networks were characterized by opposing hemispheric lateralization: leftward for anxiety and rightward for depression. Mechanistically, these predictive associations were mediated by lateralized amygdala-ventrolateral prefrontal cortex (vlPFC) circuits, with the right and left vlPFC pathways selectively mediating anxiety risk and depression risk, respectively. These models generalized robustly to the independent HBN cohort.Our findings highlight early neurobiological indicators of distinct developmental trajectories and susceptibilities for anxiety and depression, providing a foundation for early risk stratification and targeted precision prevention.Copyright © 2026. Published by Elsevier Inc.
41831719	Influence of Ginger Root Extract Supplementation on the Microbiota-Gut-Brain Axis in Individuals with Sciatica: Study Protocol for a Double-Blind, Placebo-Controlled Randomized Trial.	Clin Nutr ESPEN	2026 Mar 12	Neuropathic pain (NP) is caused by damage to the peripheral or central nervous system and is associated with adverse complex sensory and affective symptoms. There are few current treatment options for NP, and opioid analgesics have severe side effects which can lead to opioid abuse. Therefore, the development of innovative, effective, and safe alternatives is urgently needed. This study will assess the effects of ginger root extract's anti-inflammatory and anti-oxidant properties on individuals with sciatica via the microbiome-gut-brain axis. Eighty participants (18-85 years) with chronic sciatica, classified as lean (n=40, BMI <25 kg/m2) or obese (n=40, BMI ≥30 kg/m2), will be stratified by age, sex, and BMI to receive 2,000 mg/day of ginger extract or placebo for eight weeks. Primary outcomes are pain-associated outcomes and brain neuroplasticity by assessing functional (resting state-fMRI) and structural (Diffusion Tensor Imaging) connectivity. Secondary outcomes include gut function (gut microbiota composition using 16S rRNA sequencing analysis, intestinal permeability assessing concentrations of plasma lipopolysaccharide binding protein and fecal zonulin, and fecal metabolites using LC-MS/MS analysis) and neuroinflammation: nCounter® Neuroinflammation Panel analysis. We will evaluate outcomes at baseline and end of study. We will employ intention-to-treat principle and per-protocol for data analysis. Hierarchical linear modeling is utilized to estimate ginger supplementation's effects while properly accounting for data dependency and identified covariates. This study was approved by the Bioethics Committee of the Texas Tech University Health Sciences Center, Lubbock, TX. Participants will sign an informed consent form before enrolling in the study. Our team will actively disseminate the results from this trial through academic conference presentations and peer-reviewed journals. We are now actively recruiting subjects for this study. TRIAL REGISTRATION: ClinicalTrials.gov identifier: NCT06817018.Copyright © 2026. Published by Elsevier Ltd.
41831540	Social Media Use and Early Adolescent Brain Structure: Findings from the Adolescent Brain Cognitive Development (ABCD) Study.	Neuroimage	2026 Mar 12	Many adolescents initiate social media use during early adolescence, but the associations of early social media use with neurodevelopment have not been extensively studied. We utilized neuroimaging data from the U.S. Adolescent Brain and Cognitive Development (ABCD) Study to investigate the association of social media usage (hours per day) or social media addiction (Social Media Addiction Questionnaire) with brain morphology in early adolescence. We analyzed data from 7,614 participants with high-quality structural MRI and complete covariate data at Year 2 (2018-2020, ages 10-13). In addition to pre-defined cortical regions, we performed vertexwise analysis using Fast and Efficient Mixed Effects Algorithm (FEMA), which is unbiased by arbitrary borders between atlas-based brain regions and provides higher spatial resolution. After adjusting for demographics, socioeconomic factors, genetic ancestry, and scanner features, higher average daily social media use was significantly associated with lower total cortical thickness and volume. Region-of-interest (ROI) and vertexwise analysis identified broad regions with lower cortical thickness across the prefrontal cortices, temporal lobe, occipital lobe, and parietal lobe associated with both social media use and social media addiction, which overlap with key nodes of the default mode network, prefrontal executive control networks, and visual processing and attention networks. Social media addiction was not significantly associated with differences in brain morphology in ROI analysis. Our findings in a large nationwide population demonstrate that higher social media usage is associated with variation in cortical morphology, but future studies are required to establish the directionality of this association.Copyright © 2026. Published by Elsevier Inc.
41831539	Echoes of time: Organization of episodic autobiographical memories in the brain according to their remoteness.	Neuroimage	2026 Mar 12	Autobiographical memories enable us to "navigate" our personal past, although how the brain organizes them over extended time periods remains unclear. Using task-based fMRI and decoding analysis we found that a distributed network of areas in the brain, including medial temporal lobes, posterior parietal cortex, prefrontal regions, and visual association areas, distinguished memory age. Analysis of representational similarity matrices suggested that different regions contributed to the representation of the identity of unique events or their temporal representation. Right hippocampus encoded both fine-grained identity and temporal structure, whereas frontopolar and retrosplenial cortices selectively represented temporal structure. Representational connectivity analysis confirmed the robust inter-correlations within the right medial temporal lobe and prefrontal/retrosplenial cortex. These findings support the existence of a temporally organized mnemonic schema, namely a neural "timeline", that underlies our ability to situate and differentiate personal memories across the lifespan.Copyright © 2026. Published by Elsevier Inc.
41831364	NeuroMix-DL: Improving imaging quality of a fast multiparametric MRI protocol using deep learning.	Eur J Radiol	2026 Mar 11	To improve the quality of a fast multi-contrast MR protocol acquisition using deep learning.350 patients (age: 64 ± 17 yrs; 155 male) underwent both a fast brain MR multi-contrast sequence (NeuroMix), capturing five contrasts in a single 2.5-minute sequence, and conventional high-resolution imaging. This retrospective study was approved by the Stanford IRB (eProtocol 26147, IRB registration 6208). The paired images were used to enhance resolution and image quality using a Swin U-Net Transformer (SwinUNETR) approach, focusing on T1-weighted (T1w), T2-weighted (T2w), and T2 FLAIR images (NeuroMix-DL). Evaluation included standard image quality metrics, such as the root mean squared error (RMSE) and a clinical quality assessment using a five-point image quality scale (1 = poor, 5 = excellent). A pairwise t-test was calculated to evaluate the values of the qualitative and quantitative metrics across the various image processing approaches.We found significant improvement in image quality after applying the trained SwinUNETR, with RMSE reductions of 42 ± 3%, 33 ± 2%, and 33 ± 9% for T1w, T2w, and FLAIR images, respectively (p < 0.001 for all) compared to original NeuroMix images, using conventional sequences as reference. The clinical readers found higher image quality scores for NeuroMix-DL images compared to the original NeuroMix images (12 ± 8%, 17 ± 11%, and 15 ± 6% for T1w, T2w, and FLAIR images, respectively). Visual quality assessment demonstrated improvements in prevalent artifacts, including motion, herringbone artifact, inhomogeneity artifact, and RF overflow.The SwinUNETR model offers a viable approach for improving the quality of fast multi-contrast MR images while effectively mitigating artifacts, improving the cost-benefit ratio of MRI.Copyright © 2026 The Author(s). Published by Elsevier B.V. All rights reserved.
41831268	HOI-brain: A novel multi-channel transformers framework for brain disorder diagnosis by accurately extracting signed higher-order interactions from fMRI data.	Med Image Anal	2026 Mar 10	Accurately characterizing the higher-order interactions of brain regions and effectively extracting the interpretable higher-order organizational patterns from functional Magnetic Resonance Imaging (fMRI) data are crucial for the diagnosis of brain diseases. However, current graph models mainly focus on pairwise patterns, as well as triadic patterns within the brain while overlooking more higher-order patterns with signs, limiting an integrated understanding of brain-wide communication. To address these challenges, we propose HOI-Brain (Higher-Order Interaction in Brain Network), a novel computational framework that enables the utilization of signed higher-order interactions and signed organizational patterns in fMRI data for the diagnosis of brain diseases. Specifically, we present a new calculation of co-fluctuations based on Multiplication of Temporal Derivatives to detect higher-order interactions with adequate temporal resolution. Next, we further distinguish positively and negatively synergistic higher-order interactions and encode them in the monotonic weighted simplicial complexes, which can offer detailed insights into the communication within the brain. Moreover, we employ Persistent Homology in the monotonic weighted simplicial complexes of the brain to extract signed higher-dimensional neural organizations from a spatiotemporal perspective. Finally, a multi-channel transformers architecture is proposed to holistically integrate information from heterogeneous topological features. Comprehensive experiments across Alzheimer's disease (AD), Parkinson's disease (PD), and Autism Spectrum Disorder (ASD) datasets demonstrate the superiority, effectiveness, and interpretability of our framework. These key regions and higher-order patterns align with existing evidence: concordant HOIs decrease in AD but increase in PD and ASD, providing mechanistic clues to disorder-specific network changes.Copyright © 2026 Elsevier B.V. All rights reserved.
41831107	Brain microstructural alterations in COVID-19: a systematic review of diffusion weighted imaging studies.	Brain Imaging Behav	2026 Mar 14	
41831007	Super-resolution deep learning reconstruction enhances visualization of cerebral aneurysms on magnetic resonance angiography.	Neuroradiology	2026 Mar 14	
41830915	Self-Improved LeNet and Modified SegNet for Alzheimer's Disease Classification using MRI.	Int J Neurosci	2026 Mar 14	Alzheimer's disease (AD) is the leading cause of dementia, typically affecting the elderly. It results in cognitive and memory loss with progression that can lead to death. Although the exact cause remains unclear, it is believed to involve genetics, diet and environment. One key sign of AD is the shrinkage of the hippocampus and frontal lobe cortex. MRI is frequently used to diagnose AD due to its ability to capture detailed images of soft tissues. This study proposes an innovative Multi-head Parallel LeNet5-based Alzheimer's Disease Classification (MPL5-ADC) framework. The proposed MPL5-ADC system processes MRI images through several key steps. First, the Modified Wiener Filter (MWF) is applied for noise reduction during preprocessing. Next, Pyramid Convolutional Kernels-based SegNet (PCK-SgN) performs segmentation to isolate relevant brain regions. In the feature extraction phase, Improved Local Gabor Binary Pattern Histogram Sequence (ILGBPHS), shape features and deep features from VGG16 and ResNet are used to capture both texture and structural details. These features are augmented and then input into a Multi-head Parallel LeNet-5 (MPL5) classifier, which produces the final classified output for accurate and early detection of AD. The MPL5-ADC model predicts a higher accuracy score of 98% to confirm that it more consistently classifies Alzheimer's disease using MRI.
41830722	Left globus pallidus volume moderates the association between traumatic experiences and coping flexibility.	Psychoneuroendocrinology	2026 Mar 7	Refugees are frequently exposed to severe trauma, which may impair coping flexibility-the capacity to adaptively shift between coping strategies depending on situational demands. While prior studies have linked coping styles to hippocampal and thalamic morphology, no research has examined whether subcortical brain volumes moderate the relationship between trauma exposure and coping flexibility in refugees. This study investigated whether volumes of the key brain structures influence this relationship in Ukrainian refugees. Sixty refugees (aged 27.8 ± 6.1 years, 81.7% females) who arrived in Poland after the 2022 Russian invasion and 50 matched controls underwent psychiatric assessment, coping style evaluation, and high-resolution structural MRI. Coping flexibility was quantified using a Between-Strategy variability index from the Coping Inventory for Stressful Situations. Moderation analyses showed that larger left globus pallidus volume weakened the negative association between trauma exposure and coping flexibility across the full sample. Additionally, greater bilateral striatal volumes were positively associated with coping flexibility. These findings suggest that structural characteristics of the left globus pallidus may buffer the adverse impact of trauma on coping flexibility, while larger striatal volumes may generally enhance adaptive coping capacity. Results highlight the potential role of subcortical brain structures in resilience and underscore the value of integrating neurobiological markers into models of adaptation in trauma-exposed populations.Copyright © 2026 Elsevier Ltd. All rights reserved.
41830501	Clinical characteristics of patients showing tympanic membrane pulsation.	Acta Otolaryngol	2026 Mar 14	Visible tympanic membrane (TM) pulsation is an uncommon otoendoscopic finding that may reflect middle ear or intracranial pathology.To characterize clinical features and etiologies of TM pulsation in an outpatient otology setting.We retrospectively reviewed 34 consecutive adults (mean age 56 ± 13 years) with TM pulsation identified on routine otoendoscopy (January 2022-September 2024). All patients underwent audiologic testing and temporal bone computed tomography; internal auditory canal magnetic resonance imaging was performed when indicated. Patients with neurological symptoms or suspected intracranial hypertension were excluded.Middle ear effusion was the most common cause (61.8%), frequently associated with pulsatile tinnitus. Healed TM perforation accounted for 26.5% of cases. Less common etiologies included jugular diverticulum, arachnoid granulation with tegmen dehiscence, temporal encephalocele, and postoperative TM graft pulsation. Imaging findings supported correlations between TM movement and underlying middle ear or adjacent structural abnormalities.In outpatient populations, visible TM pulsation predominantly reflects middle ear cavity conditions rather than intracranial pressure changes. Awareness of this sign may facilitate early detection of clinically relevant lesions, including encephalocele and vascular anomalies, and guide timely imaging and management.
41830492	From cradle to cortex: An exposome- and equity-centered perspective of neurocognitive aging and dementia risk in the era of climate change.	Alzheimers Dement	2026 Mar	The convergence of climate change, adverse environmental exposures, and rapid population aging necessitates an equity-based paradigm shift in safeguarding brain health across the life course. Older adults, especially those in marginalized and low-resource settings, face disproportionate exposure to air pollution, toxicants, and climate-related hazards. Emerging evidence links these biophysical, social, and cultural vulnerabilities to cognitive decline and a heightened risk of developing Alzheimer's disease and related dementias (ADRDs), underscoring the need to examine cumulative exposures across the life course. Exposome-informed research integrating magnetic resonance imaging biomarkers with socioenvironmental contexts remains limited in underrepresented populations but offers opportunities to detect subclinical markers of environmental harm and illuminate mechanistic pathways of ADRDs. Thus, future studies must adopt equity-centered approaches, inclusive recruitment, and community-driven interventions to address systemic inequities and cumulative exposures. Embedding environmental justice within neuroscience will advance preventative public health policies that mitigate inequities and protect brain health during climate change. HIGHLIGHTS: Marginalized communities remain underrepresented in brain health/ Alzheimer's disease and related dementias (ADRDs) research. Toxic environmental exposures worsen inequities in brain health across the life course. Exposome-informed neuroimaging may detect early neural markers of cognitive decline. Future equity-centered exposome/neuroimaging work will inform brain health policy. Need for life course interventions to mitigate environmental risk factors of ADRDs.© 2026 The Author(s). Alzheimer's & Dementia published by Wiley Periodicals LLC on behalf of Alzheimer's Association.
41830418	The correlation between cardiac T2*MRI and B-Type natriuretic peptides in patients with transfusion-dependent anemias and systemic iron overload: a systematic review and meta-analysis.	Hematology	2026 Dec 31	Systemic iron overload in transfusion-dependent anemias leads to progressive myocardial iron accumulation, a major cause of morbidity and mortality. This study evaluated the relationship between cardiac T2* magnetic resonance imaging (MRI) values and natriuretic peptide levels in patients with systemic iron overload.Cardiac T2* MRI magnetic resonance imaging (MRI) is the gold standard for assessing myocardial iron, but it is costly and not widely available. B-type natriuretic peptides (BNP and NT-proBNP), which reflect myocardial stress, may offer a practical biomarker alternative. This systematic review and meta-analysis evaluated the relationship between cardiac T2* MRI values and natriuretic peptide levels in patients with systemic iron overload. Nine studies involving 783 patients were included in the systematic review, and pooled analyses were performed using data from seven studies.Pooled data from seven studies showed a moderate inverse correlation between T2* values and natriuretic peptide levels (r = -0.30, 95% CI -0.51 to -0.06), indicating higher peptide levels with greater myocardial iron deposition. Patients with cardiac iron overload (T2* < 20 ms) had significantly higher peptide levels (standardized mean difference = -0.71, 95% CI -1.32 to -0.11), with pooled mean concentrations of 321.1 (95% CI 248.3-393.9) compared with 179.0 (95% CI 134.3-223.6) in those without cardiac iron overload (T2* > 20 ms).These findings suggest that natriuretic peptide levels reflect myocardial stress associated with cardiac iron burden and may provide clinically relevant information on myocardial iron overload.Although natriuretic peptides cannot replace cardiac MRI, they may serve as accessible, low-cost adjunct biomarkers for screening, monitoring, and early warning of myocardial iron overload, particularly where MRI is limited. Further prospective studies are warranted to validate their role in longitudinal assessment and risk prediction.
41830343	An Optimised Multishot EPI Protocol for Ex Vivo Mouse Brain Diffusion MRI With Gd-DOTA Contrast Enhancement.	NMR Biomed	2026 Apr	Diffusion-weighted magnetic resonance imaging (dMRI) in small animal models is often limited by long acquisition times, low signal-to-noise ratio (SNR) and magnetic susceptibility artefacts. We developed and optimised a 3D spin-echo multishot EPI (SE-msEPI) protocol combined with Gd-DOTA administration to enable efficient, high-quality ex vivo diffusion imaging of the mouse brain. Systematic testing demonstrated that 12 EPI shots provided the optimal trade-off between artefact reduction, SNR and acquisition duration. Gd-DOTA incubation at 3 mM for 7 days allowed the TR to be reduced from 1500 to 400 ms without compromising diffusion metrics, yielding more than threefold SNR increase. This optimisation enabled whole-brain acquisitions at 100-μm isotropic resolution with 60 directions (b = 3000 s/mm2) in ~11 h, a fourfold acceleration compared to standard long-TR protocols. Fractional anisotropy values in Gd-DOTA-enhanced acquisitions closely matched those of the long-TR reference, while low-SNR short-TR baseline and postwashout acquisitions exhibited systematic FA underestimation. Residual error analysis and tractography performance metrics further demonstrated the improved image quality and anatomically plausible reconstruction of white matter pathways under Gd-DOTA-enhanced conditions. Beyond these technical gains, the optimised protocol provides a reproducible framework for high-throughput ex vivo diffusion MRI, enabling connectomics and microstructural studies in mouse models with greater efficiency, increased reuse of tissue sample and reduced animal use.© 2026 John Wiley & Sons Ltd.
41830336	3D-Printable, Honeycomb-Inspired Tissue-Like Bioelectrodes for Patient-Specific Neural Interface.	Adv Mater	2026 Mar 14	The unique gyral patterns of the human brain demand patient-specific neural interfaces to achieve precise neuromodulation, mitigate adverse tissue responses, and optimize therapeutic efficacy and safety. One-size-fits-all, conventional rigid electrocorticography (ECoG) electrodes, standardized for mass production through lithographic techniques, exhibit limited conformability to the brain's heterogeneous cortical topography. This mechanical mismatch results in poor electrode-tissue contact, signal loss, and foreign body responses. To address these limitations, we present an integrated novel platform, synergizing MRI-based anatomical mapping, finite element analysis (FEA)-optimized mechanical design, and direct ink writing (DIW) 3D printing to fabricate electrodes customized to individual gyral patterns. The resulting honeycomb-inspired printable gel electrode (HiPGE) employs a bioinspired honeycomb architecture with ultra-soft hydrogels, engineered to match the bending stiffness of brain tissue (0.1-10 kPa) while maintaining cost-efficiency and long-term durability. This mechanical congruence ensures exceptional cortical conformability and adaptive interfacing, circumventing the geometric and material limitations of traditional rigid electrodes. By combining patient-specific design with scalable fabrication, our platform establishes a transformative framework for neural interface engineering, enhancing precision, biocompatibility, and functional performance in neuromodulation therapies and neuroprosthetic applications.© 2026 The Author(s). Advanced Materials published by Wiley‐VCH GmbH.
41830160	Spatial Coefficient of Variation (sCOV) From ASL MRI Reveals Global Cerebrovascular Dysfunction in Long COVID.	NMR Biomed	2026 Apr	Long COVID is increasingly associated with persistent neurological and cognitive symptoms, yet its underlying mechanisms remain unclear. Vascular dysregulation, endothelial dysfunction, and microvascular injury have been proposed as potential contributors. Arterial spin labeling (ASL) MRI allows noninvasive quantification of cerebral blood flow (CBF) and assessment of vascular function. Previous studies have reported hypoperfusion in long COVID patients, but few have accounted for delayed arterial transit time, which can affect ASL quantification. The spatial coefficient of variation (sCOV) has been previously used as a proxy of arterial transit time, providing a noninvasive marker of global cerebrovascular function. We examined 186 adults from an Argentine cohort (145 long COVID and 41 controls), approximately 2 years postinfection. Three-dimensional pulsed ASL data were processed with ExploreASL to quantify CBF and sCOV in gray matter and lobar regions. Group comparisons were performed using multivariate models adjusted for age, sex, and white matter hyperintensity (WMH) volume. Long COVID participants showed significantly higher global gray matter sCOV compared with controls (p = 0.02), with consistent regional trends across the frontal (L: p = 0.05; R: p = 0.07), temporal (L: p = 0.05; R: p = 0.08), parietal (L: p = 0.07; R: p = 0.06), occipital (L: p = 0.08; R: p = 0.05), and insular (L: p = 0.01; R: p = 0.15) lobes after FDR correction. Mean global, lobar, and regional gray matter CBF and WMH volumes did not differ significantly between groups. Increased sCOV, reflecting delayed arterial transit and reduced vascular efficiency, indicates widespread cerebrovascular dysfunction in the absence of perfusion deficits and not associated with white matter hyperintensities. These findings provide evidence of global vascular impairment in long COVID and support sCOV as a sensitive, noninvasive biomarker of cerebrovascular health.© 2026 John Wiley & Sons Ltd.
41830135	Multivariate patterns of plasma biomarkers predict region-specific Alzheimer's pathology and cognitive decline across independent cohorts.	Alzheimers Dement	2026 Mar	Alzheimer's disease (AD) is characterized by the progressive accumulation of amyloid-beta (Aβ) plaques, tau tangles, and neurodegeneration (ATN framework). While neuroimaging detects these changes, it is costly and not widely accessible. Blood-based biomarkers offer scalable alternatives for early detection.We integrated plasma biomarkers, neuroimaging, and cognitive data from two large cohorts. We examined multivariate patterns of plasma Aβ42/Aβ40, phosphorylated tau (p-tau) 217, p-tau181, neurofilament light (NfL), and glial fibrillary acidic protein (GFAP) that predict amyloid, tau, neurodegeneration, and memory decline.Specific plasma biomarker combinations predicted amyloid burden in the precuneus, tau in the entorhinal cortex, hippocampal atrophy, and memory decline. Models trained in one cohort accurately predicted outcomes in the other, confirming cross-cohort generalizability.Distinct plasma signatures reflect underlying AD pathways, supporting the use of blood-based biomarkers as cost-effective, noninvasive tools for early detection, disease monitoring, and individualized risk profiling.© 2026 The Author(s). Alzheimer's & Dementia published by Wiley Periodicals LLC on behalf of Alzheimer's Association.
41828720	Morphological and Molecular Characteristics of Choroid Plexus Epithelium in Aged Brains.	Int J Mol Sci	2026 Mar 9	The choroid plexus (CP) has traditionally been regarded as a cerebrospinal fluid-producing structure; however, increasing evidence indicates that it functions as a dynamic regulatory interface involved in immune surveillance, metabolic homeostasis, and brain clearance. Neuroimaging studies consistently report CP enlargement across aging and diverse neurological and neuropsychiatric disorders, yet the underlying cellular mechanisms remain poorly integrated. In this review, we synthesize morphological, molecular, and imaging evidence to propose a sequential degenerative model of the CP epithelium. This model comprises: (1) regulated epithelial cell loss via apical extrusion, (2) compensatory hypertrophy of residual cells, (3) mitochondrial remodeling with oncocytic-like change, and (4) progressive blood-cerebrospinal fluid barrier dysfunction. At the molecular level, alterations in epithelial adhesion systems-particularly SPINT1-mediated protease regulation and E-cadherin-based adherens junction stability-may initiate epithelial instability. Hypertrophic epithelial cells exhibit increased mitochondrial burden, reflected by Tom20 expression, which may initially support metabolic adaptation but ultimately contribute to oxidative stress and functional decline. At the macroscopic level, the cumulative effects of cell loss, hypertrophy, and mitochondrial remodeling likely underlie CP enlargement detectable by magnetic resonance imaging. This framework positions CP enlargement as an imaging-visible manifestation of epithelial stress and provides a structural-molecular basis for interpreting CP alterations in brain aging and neurodegenerative disorders.
41828613	Modern Analytical Techniques in Epilepsy Research.	Int J Mol Sci	2026 Mar 4	Epilepsy remains one of the most prevalent neurological disorders, characterised by complex aetiology encompassing genetic, structural, metabolic, and inflammatory factors. Despite advances in neuroimaging and neurophysiological diagnostics, there is a persistent lack of sensitive and specific biomarkers to enable early diagnosis, risk stratification, and monitoring of therapeutic efficacy. Key epilepsy biomarkers include neurotransmitters, energy-related compounds, tryptophan pathway metabolites, and choline derivatives. Their determination employs liquid chromatography coupled with tandem mass spectrometry (LC-MS/MS), high-performance liquid chromatography (HPLC) with electrochemical or fluorescence detection, gas chromatography with tandem mass spectrometry (GC-MS/MS), high-resolution mass spectrometry (HRMS), and proton nuclear magnetic resonance (1H-NMR) spectroscopy, revealing metabolic disturbances in neurotransmission, energy metabolism, and oxidative stress associated with epileptogenesis. Among these techniques, LC-MS/MS currently provides the highest analytical sensitivity and specificity for quantifying low-abundance epilepsy-related metabolites, while HPLC with conventional detection remains a simpler and more cost-effective alternative for routine clinical laboratories. This review presents the current state of knowledge regarding chromatographic techniques applied to the analysis of mentioned metabolites, as well as therapeutic drug monitoring of antiepileptic drugs. Key sample preparation stages are also discussed. Various biological matrices-plasma, serum, urine, cerebrospinal fluid (CSF), dried blood spots (DBSs), and brain tissue-are evaluated. Novel approaches are also presented, including hair samples, microsampling techniques, and headspace analysis of volatile metabolites. Chromatographic techniques constitute the foundation of contemporary metabolomic research in epileptology, enabling biomarker identification and supporting personalised medicine. Further standardisation and translational validation remain necessary, as current evidence is insufficient for routine clinical implementation.
41828349	The Impact of Motor Symptom Asymmetry on the Relationship Between Non-Motor Manifestations and Neurometabolic Profiles in Parkinson's Disease.	Int J Mol Sci	2026 Feb 25	Parkinson's disease (PD) is characterized by asymmetric motor symptoms (MSs), which may influence non-motor symptoms (NMSs). This study investigated the relationship between NMSs and the neurometabolic profile of the substantia nigra (SN) and globus pallidus (GP) of patients with PD, examining how these associations vary according to MS asymmetry. Forty-three PD patients (20 with right-predominant motor symptoms-RPD, and 23 with left-predominant motor symptoms-LPD) and 20 healthy controls (HCs) underwent single-voxel proton magnetic resonance spectroscopy, along with comprehensive clinical assessments of MSs and NMSs. Compared with HCs, PD patients showed higher N-acetylaspartate (NAA) levels in the SN, lower myo-inositol (Ins) levels in both sides of the SN, and higher glutamate/glutamine (Glx) levels in the right GP. Choline (Cho) in the left GP was positively associated with cognitive performance. In LPD patients, compared with HCs, NAA levels were increased in the right SN, whereas Ins levels were reduced in both hemispheres. These patients reported higher anxiety and exhibited marked hemispheric asymmetry of SN NAA. In this group, higher NAA levels in the right SN were associated with fewer sleep disturbances, while Ins in the right GP was related to both cognitive function and NMS severity. RPD patients showed elevated Glx levels in the right GP compared with HCs, with no significant hemispheric differences in metabolite levels. Nevertheless, Cho in the right SN was positively associated with sleep disturbances. Overall, these findings suggest that motor asymmetry in PD influences the neurometabolic correlates of NMSs, revealing distinct metabolic-clinical profiles in RPD and LPD patients.
41828095	Optimization-Driven Hybrid Machine Learning Framework for Brain Tumor Classification in MRI with Metaheuristic Feature Selection.	Diagnostics (Basel)	2026 Mar 9	Background/Objectives: Brain tumors are among the most severe neurological disorders, and their variability in size, morphology, and anatomical location complicates early and accurate diagnosis. Although magnetic resonance imaging (MRI) is the most reliable non-invasive modality for tumor detection, manual interpretation remains time-consuming, subjective, and susceptible to human error. This study aims to develop an optimization-driven hybrid machine learning framework for accurate and computationally efficient automatic brain tumor classification. Methods: The dataset includes 834 MRI images (583-training, 123-validation, 128-independent test). Because YOLOv11 detects tumor and non-tumor regions separately, the sample size doubled during region-based analysis, and all subsequent stages were conducted at the regions of interest (ROI) level. On the independent test set, YOLOv11 achieved 98.87% mAP@50, 98.54% precision, and 98.21% recall. The proposed framework combines automated tumor localization with image standardization using Gaussian noise reduction and bilinear interpolation. From the processed MR images, 39 entropy-based features were extracted. To enhance diagnostic performance and eliminate redundant information, the superb fairy-wren optimization algorithm (SFOA) was applied for feature selection and compared with particle swarm optimization (PSO), Harris hawk optimization (HHO), and puma optimization (PO). Final classification was primarily performed using k-nearest neighbors (kNN), while support vector machines (SVM) were used for comparative evaluation. Results: SFOA reduced the feature dimensionality from 39 to 5 features while achieving 99.20% classification accuracy on the independent test set. In comparison, PSO selected 10 features, HHO selected 6 features and PO selected 10 features, all achieving 98.45% accuracy. The best performance obtained with SVM was 98.45% accuracy (HHO-SVM), which remained lower than the 99.20% achieved by the proposed SFOA-kNN model. Conclusions: The results indicate that combining entropy-based feature extraction with SFOA-driven feature selection and kNN classification significantly enhances diagnostic accuracy while reducing computational complexity, highlighting the strong potential of the proposed framework for integration into computer-aided diagnosis systems to support clinical decision-making.
41828057	Differentiation of Intracranial Dural Metastases and Meningiomas Using DSC Perfusion MRI and Machine Learning.	Diagnostics (Basel)	2026 Mar 5	Background/Objectives: To assess the diagnostic performance of dynamic susceptibility contrast (DSC) perfusion MRI parameters and machine learning methods for differentiating intracranial dural metastases (IDMs) from meningiomas. Methods: This retrospective diagnostic accuracy study included 56 patients (mean age: 57.6 ± 11.2 years; 20 men) with dural-based intracranial lesions (65 lesions): 18 patients with IDM (27 lesions) and 38 patients with meningiomas (38 lesions). All patients underwent DSC perfusion MRI. Relative cerebral blood volume (rCBV), relative cerebral blood flow (rCBF), diffusion metrics, and dynamic time-signal intensity curve parameters were extracted. Group comparisons were performed using nonparametric statistical tests. Machine learning models, including linear discriminant analysis (LDA), were developed using patient-level grouped nested cross-validation to avoid data leakage. Diagnostic performance was evaluated using out-of-fold receiver operating characteristic (ROC) analysis, calibration assessment, and clinically oriented thresholds prioritizing metastasis sensitivity. Results: rCBV_mean and rCBF_mean were significantly higher in meningiomas than in dural metastases (median rCBV_mean: 4.71 vs. 2.95; median rCBF_mean: 3.44 vs. 2.02; both p < 0.001). Diffusion metrics and dynamic perfusion parameters, including wash-in time, percentage signal recovery, and wash-out slope, did not differ significantly between groups (p > 0.05). Univariate ROC analysis demonstrated strong discrimination for both rCBF_mean (AUC: 0.82; 95% CI: 0.72, 0.90) and rCBV_mean (AUC: 0.82; 95% CI: 0.72, 0.91). An LDA model integrating rCBF_mean and rCBV_mean achieved an out-of-fold AUC of 0.81 (95% CI: 0.72, 0.89) and improved specificity (85%) at a fixed metastasis sensitivity of 85%. Conclusions: DSC perfusion MRI-derived rCBF and rCBV are robust biomarkers for differentiating IDMs from meningiomas. An interpretable machine learning model integrating these parameters improves diagnostic specificity while maintaining high sensitivity.
41828028	NeuroFusion-ViT: A Hybrid CNN-EVA Transformer Model with Cross-Attention Fusion for MRI-Based Alzheimer's Stage Classification.	Diagnostics (Basel)	2026 Mar 3	Background: Alzheimer's disease is the most common type of dementia and a progressive neurodegenerative disease that begins with neuronal damage and leads to a reduction in brain tissue. Currently, there is no cure for this disease, and existing approaches focus on alleviating symptoms. Methods: This study proposes NeuroFusion-ViT, a highly accurate and computationally efficient hybrid deep learning model for early-stage detection of Alzheimer's disease. The model combines an EVA-02-based Vision Transformer (ViT) with the ConvNeXt-Small CNN architecture, providing powerful representation learning that can process both global context and local details. The proposed Gated Cross-Attention Fusion (G-CAF) mechanism dynamically combines two different features, offering high discriminative power and model stability. Results: In experiments conducted on the OASIS MRI dataset, the model achieved 99.86% accuracy, 0.9989 Macro F1, and 0.999 ROC-AUC values, demonstrating clear superiority over single-modal and hybrid models described in the literature. Furthermore, 5-fold cross-validation results also support the model's high generalizability. Ablation studies showed that each of the components-cross-attention, gate mechanism, Dual LayerNorm, and FFN-Dropout-made a meaningful contribution to performance. Conclusions: The results demonstrate that the NeuroFusion-ViT architecture offers a reliable, stable, and clinically applicable solution for Alzheimer's stage classification.
41828026	Opportunities and Challenges of Visual Large Language Models in Imaging Diagnostics: Lessons from Brain Metastasis Detection in Clinical MRI.	Diagnostics (Basel)	2026 Mar 3	Background/Objectives: To evaluate the diagnostic accuracy of two visual large language models (vLLMs), GPT-4o (OpenAI) and Claude Sonnet 3.5 (Anthropic), for detecting brain metastases in routine MRI using combined imaging and textual input. Methods: This retrospective study included 31 patients with and 46 without brain metastases with underlying melanoma (n = 24), lung cancer (n = 23), breast cancer (n = 17), or renal cell carcinoma (n = 13). In total, 100 MRI examinations (50 with, 50 without metastases) were provided to both vLLMs using a single representative slice per sequence, together with clinical history and the referring question. The generated free-text reports were evaluated for detection accuracy, overdiagnosis, correct sequence recognition, anatomical localization, lesion laterality, and lesion size estimation. Results: Both vLLMs showed perfect sensitivity (100% for both) but very low specificity (GPT-4o: 8%, Sonnet 3.5: 4%; p = 0.625), resulting in low diagnostic accuracy (GPT-4o: 54%, Sonnet 3.5: 52%; p = 0.625). Sequence identification was highly accurate in both models, with GPT-4o performing significantly better (100% vs. 93%; p < 0.05). Identification of the anatomical brain region (70% vs. 72%; p = 1.00) and lesion laterality (62% vs. 76%; p = 0.189) was comparable. Both models hallucinated additional lesions in 12% of cases. Lesion size measurements showed no significant differences between the models or in comparison with the radiologist. Conclusions: GPT-4o and Claude Sonnet 3.5 can generate radiological reports and detect brain metastases with excellent sensitivity, but their very low specificity, frequent hallucinations, and limited spatial reliability currently preclude clinical application. Future work should address how the balance between visual and textual input influences diagnostic behavior in vLLMs.
41828012	Contribution of Myelin Damage to White Matter Changes in Osmotic Demyelination Syndrome.	Diagnostics (Basel)	2026 Mar 1	Background/Objectives: Osmotic demyelination syndrome (ODS) causes marked myelin loss with relative axonal preservation. We used diffusion tensor imaging (DTI) to longitudinally assess white matter (WM) changes, hypothesizing that radial diffusivity (RD) would show dynamic recovery alongside clinical improvement. Methods: A 40-year-old woman with ODS and five age-matched female controls underwent DTI at 7 weeks and 6 months post-onset. Metrics were extracted from 27 WM tract categories using atlas-based regions of interest. Lesions were defined by directional dual thresholds (RD_d ≥ 2.0, axial diffusivity [AD] ≤ -2.0, or fractional anisotropy [FA] ≤ -2.0) and confirmed using the Crawford-Howell test with Benjamini-Hochberg FDR correction (q ≤ 0.05). Longitudinal percent change (Δ%) was compared using the Friedman test with Bonferroni-corrected Wilcoxon post hoc tests (α = 0.017). Results: Serum sodium increased from 126 to 138 mmol/L within 24 h, followed by a severe neurological deficit; near-complete recovery by 6 months. At 7 weeks, RD-defined lesions were detected in 10/27 tracts (37.0%)-1/6 brainstem-related and 9/21 non-brainstem-indicating widespread myelin-predominant injury. No AD- or FA-based lesions met criteria, although AD increase in the cingulate gyrus was significant. From 7 weeks to 6 months, the mean Δ% was -0.40 ± 9.38% (AD), -4.73 ± 9.73% (RD), and 7.94 ± 7.53% (FA). Changes differed across metrics (χ2(2) = 24.07, p = 5.92 × 10-6), with greater RD and FA changes than AD. Conclusions: Early RD-predominant abnormalities preceded RD reduction and FA increase during recovery, consistent with restoration of myelin-related microstructure. Larger studies are warranted.
41827957	Insights into Accelerated MRI Protocols for Pediatric Brain Assessment in Emergency Cases.	Diagnostics (Basel)	2026 Feb 26	Two accelerated magnetic resonance imaging (MRI) protocols for pediatric brain imaging, GOBrain and Deep Resolve Swift Brain, developed by Siemens Healthineers (Erlangen, Germany), were evaluated in a series of clinically relevant pediatric cases at 3 Tesla. Pediatric patients are particularly prone to motion, may be uncooperative, and often require sedation, especially in emergency settings. Consequently, there is a persistent clinical demand for fast brain MRI protocols that provide diagnostically sufficient image quality while minimizing examination time. Contemporary turbo spin-echo (TSE)-based clinical protocols commonly integrate parallel imaging (PI) and simultaneous multi-slice (SMS) techniques to achieve substantial reductions in scan time. Recent advances in three-dimensional volumetric encoding, compressed sensing, and deep learning (DL)-based reconstruction have further mitigated geometry-factor-related noise amplification, enabling higher acceleration factors (GOBrain). In parallel, echo-planar imaging (EPI) has emerged as a promising approach for ultrafast multi-contrast imaging. To overcome the limitations of single-shot EPI, a multi-shot EPI-based brain MRI protocol combined with the DL-based reconstruction method Deep Resolve Swift Brain has been developed. This approach leverages the efficiency of EPI while improving image quality. Using these accelerated protocols, a comprehensive diagnostic multi-contrast brain MRI examination, particularly suited to triage and emergency imaging, can be completed in minutes. This case overview, including therapy-related leukencephalopathy in acute lymphoblastic leukemia (ALL), a brain abscess, traumatic diffuse axonal injury (DAI), a posterior circulation infarction due to vertebral artery dissection, leuokostasis syndrome, and a posterior fossa tumor with obstructive hydrocephalus, demonstrates the potential clinical feasibility of both protocols in pediatric neuroimaging. Both protocols position them as supplementary options alongside established imaging protocols, while dedicated high-resolution protocols might remain necessary for subtle pathological findings, such as focal cortical dysplasia, and for neuronavigation until larger comparative studies are available.
41827952	Motor Neuron Disease with Guillain-Barré Syndrome? Motor Band Sign with Anti-GQ1b Antibodies.	Diagnostics (Basel)	2026 Feb 26	A 79-year-old former marathoner, with memory impairment since age 78, developed increasing stumbling and progressively worsening waddling gait. Three months after gait disturbance onset, she noted mild dysphagia. With declining walking distance and endurance, she presented to our hospital six months after onset, exhibiting frontal signs, Parkinsonism with marked trunk rigidity, and hyperreflexia of the jaw and limbs. L-dopa challenge tests showed no improvement. At seven months post-onset, she had difficulty rising. By nine months, she relied on a walker, and speech disturbance appeared. At 10-11 months, both dysarthria and dysphagia rapidly worsened, she became bed-ridden, and upper limb weakness developed (though she could still use chopsticks). Neurological examination at one year revealed severe dysarthria/dysphagia, four extremity fasciculations and muscle weakness (grade 2 in upper limbs, grade 1 in lower limbs), trunk-dominant rigidity, and hyperreflexia in the jaw and limbs. Brain MRI, specifically susceptibility-weighted imaging, revealed motor band signs. Cerebrospinal fluid study revealed albuminocytological dissociation. Needle electromyography revealed acute denervation and chronic reinnervation in the cranial nerve, cervical, and lumbar areas, which was suggestive of motor neuron disease (MND). Serum anti-GQ1b antibodies were detected. Immunotherapy was followed by mild improvement, which might suggest a reversible component, although definitive pathological overlap remains unconfirmed. This case highlights a diagnostic challenge where an acute immune-mediated neuropathy could potentially be superimposed on a chronic neurodegenerative process. Anti-GQ1b antibodies should be interpreted with caution, as they may reflect either a true clinicopathological overlap with Guillain-Barré syndrome or a secondary phenomenon (epiphenomenon) related to the primary neurodegenerative process.
41827486	Sinonasal Mucosal Epithelioid Melanoma with Rapid Skull-Base and Orbital Progression.	J Clin Med	2026 Mar 9	Background: Sinonasal mucosal melanoma is a rare and aggressive malignancy arising from the nasal cavity and paranasal sinuses, characterized by high local recurrence rates and poor survival. Skull-base and orbital progression can occur rapidly, particularly when preoperative imaging underestimates local extension. This paper reports a case of sinonasal mucosal epithelioid melanoma with fulminant postoperative skull-base breach and orbital invasion, highlighting its clinical course, management challenges, and histopathological features. Methods: A 60-year-old woman with progressive unilateral nasal obstruction, recurrent epistaxis, and headache underwent clinical evaluation, contrast-enhanced head MRI, CT, and PET-CT staging. Preoperative imaging demonstrated no intracranial or orbital invasion. Biopsy confirmed mucosal epithelioid melanoma with high proliferative activity (Ki-67 ~80-85%). The patient underwent extensive image-guided endoscopic resection with intraoperative cerebrospinal fluid leak repair. Results: Definitive histopathology confirmed pigmented epithelioid melanoma with extensive necrosis, bone invasion, and non-assessable resection margins due to specimen fragmentation (pT4a, Rx). Within two weeks postoperatively, CT and MRI demonstrated extensive local recurrence with cribriform plate destruction, anterior skull-base dural infiltration, and rapid orbital progression with optic nerve compression and loss of vision. Despite hemorrhage control and hypofractionated palliative radiotherapy (VMAT, 33 Gy in 11 fractions), the patient experienced progressive neurological decline, refractory pain, and recurrent tumour bleeding, and died approximately 4.5 months after initial presentation. Conclusions: In patients with sinonasal mucosal epithelioid melanoma, fulminant local progression with skull-base and orbital involvement may occur despite apparently limited preoperative imaging. When rapid vision loss, dural infiltration, and refractory nasal bleeding develop, structured palliation, hemorrhage control, and aggressive multimodal analgesia should be prioritized early alongside ongoing multidisciplinary decision-making.
41827465	Prognostic Value of Hepatic T1 Mapping in Patients with Takotsubo Syndrome.	J Clin Med	2026 Mar 7	Objective: Takotsubo syndrome (TTS) is an acute form of heart failure characterized by transient left ventricular systolic dysfunction. Given the complex cardiohepatic interactions observed in heart failure, this study aimed to evaluate the prognostic significance of hepatic T1 mapping in patients with TS. Materials and Methods: In this retrospective pilot study, cardiovascular magnetic resonance (CMR) including hepatic T1 mapping was performed in 66 consecutive patients with TTS (60 females; mean age 70.96 ± 10.11 years). The median duration of long-term follow-up was 7 months (interquartile range, 2-16 months). The primary endpoint was a composite of out-of-hospital all-cause mortality and major cardiovascular or cerebrovascular adverse events, including heart failure hospitalization, TTS recurrence, and ischemic stroke. Results: During the median follow-up period of 7 months, 12 (18%) patients experienced the primary endpoint. Kaplan-Meier analysis revealed a significantly lower event-free survival in patients with higher hepatic T1 values (log-rank, p = 0.001). In multivariable Cox regression analysis, hepatic T1 mapping emerged as an independent predictor of adverse outcomes (HR 1.010; 95% CI 1.002-1.017, p = 0.010). Conclusions: Elevated hepatic T1 mapping values were independently associated with an increased risk of adverse cardiovascular events during follow-up. Incorporating hepatic T1 mapping into the clinical evaluation of patients with TTS may improve risk stratification and support more personalized management strategies.
41827347	Neurologic Symptoms and Cerebrovascular Events During Atogepant Therapy: A Case Series with Contextual Comparison with a Non-Gepant-Treated Migraine Cohort.	J Clin Med	2026 Mar 3	Background: CGRP contributes to cerebrovascular regulation, mainly based on experimental and translational data; human evidence remains limited. Gepants, including atogepant, are effective migraine preventives and achieve partial penetration across the blood-brain barrier. However, their neurologic and cerebrovascular safety in heterogeneous patient populations remains incompletely characterized. Objective: To describe acute neurologic events observed during atogepant therapy, provide contextual information regarding their baseline occurrence, and explore potential mechanisms by which CGRP receptor blockade may influence neurovascular resilience. Methods: We report five adults treated with atogepant (30-60 mg/day) who developed acute neurologic symptoms prompting emergency hospital admission. All patients underwent comprehensive diagnostic assessment including neuroimaging, vascular studies, cardiac evaluation, and laboratory testing. To provide context, a retrospective comparison cohort of migraine patients not treated with gepants during a similar period was analyzed. Baseline characteristics were summarized, and event occurrence was compared using Fisher's exact test. Results: Among 575 individuals treated with atogepant, five experienced acute neurologic events, including one cerebellar infarction and several transient focal syndromes without structural correlates. No cerebrovascular events requiring hospitalization were identified in the non-gepant cohort (n = 610). In an unadjusted analysis, this difference was statistically significant (p = 0.027). The events were clinically heterogeneous, and several lacked radiologic confirmation of ischemia. Conventional vascular risk factors were present in some patients. Conclusions: These findings do not imply causality but raise the possibility that CGRP receptor blockade may reduce cerebrovascular adaptability in susceptible individuals. Clinicians should remain vigilant for ischemia or microvascular dysfunction when patients receiving atogepant present with acute vertigo, diplopia, ptosis, or hemisensory symptoms-even when CT and CTA are normal-and obtain timely MRI and vascular assessment. The absence of comparable events in a retrospective non-gepant cohort provides contextual information but does not permit inference regarding increased risk due to potential confounding and unmeasured factors. The findings are exploratory and hypothesis-generating, underscoring the need for prospective controlled studies to clarify the cerebrovascular safety of CGRP receptor antagonists in routine clinical practice.
41827296	The Role of Leukoaraiosis and Microbleeds in Acute Ischemic Stroke Outcome Prediction.	J Clin Med	2026 Mar 1	Background/Objectives: Acute ischemic stroke (AIS) is one of the leading causes of mortality worldwide and the primary cause of acquired neurological disability in adults. As part of a stroke magnetic resonance (MR) protocol, fluid-attenuated inversion recovery (FLAIR) plays an important role in the detection and assessment of the degree of leukoaraiosis (LA), while susceptibility-weighted angiography (SWAN) detects cerebral microbleeds (CMBs). The present study sought to examine the association of the degree of LA and CMBs with absolute cerebral blood flow (aCBF) values and functional outcome prediction in patients with AIS. Methods: We conducted a cross-sectional study including a total of 205 male and female patients. All of the patients underwent brain magnetic resonance imaging (MRI) examinations in the first 24 h following suspected AIS, using the stroke protocol. A modified Rankin scale (mRS) was used to evaluate the degree of functional dependence and disability three months after AIS. Results: The incidence of an unfavorable functional outcome evidently increased with more pronounced LA modalities (p < 0.05; χ2 test). The Kruskal-Wallis test found a statistically significant difference in aCBF values in relation to a degree of LA (p < 0.05). As there were a small number of multiple CMBs, no statistically significant difference was found based on the detection and degree of CMBs with aCBF and functional outcome; hence, the hypothesis was not entirely confirmed. Conclusions: This study indicates the reliability of MRI application in the initial diagnostic evaluation in order to gain an additional insight into the prediction of AIS outcomes. We demonstrated that LA correlates significantly with an unfavorable functional outcome after AIS, with decreased perfusion values. On the other hand, a higher proportion of unfavorable functional outcomes was observed in patients with CMBs. However, this result was not statistically significant and should be interpreted with caution.
41827021	Acute myocarditis and rhabdomyositis after coronavirus disease 2019 messenger RNA vaccination and intensive training: a case report.	J Med Case Rep	2026 Mar 13	Despite the reporting of myocarditis associated with coronavirus disease 2019 vaccination, the correlation between vaccine-related rhabdomyositis and myocarditis incidence remains undocumented. This case offers a new perspective on myocarditis, potentially associated with the coronavirus disease 2019 vaccine, possibly caused by the strong immunostimulatory effects of messenger RNA vaccination-related rhabdomyositis.A 25-year-old male athlete of Swedish (white) ethnicity and non-Hispanic origin collapsed during a strenuous ice hockey training session after receiving his third dose of the coronavirus disease 2019 vaccine (BN162b2). He had received standard cardiopulmonary resuscitation, and the electrocardiography showed ventricle fibrillation. According to the laboratory test, elevations were observed in troponin T, aminotransferase, blood glucose, and leucocyte number. Magnetic resonance imaging indicated disseminated myocarditis. A biopsy of the heart revealed mild lymphocytic inflammation and focal myocytolysis. The patient had permanent brain damage and passed away after the breathing tube was removed. The autopsy revealed cardiac muscle necrosis and skeletal muscle rhabdomyolysis. There was a sign of massive expansion of lymphoid compartment in the gastrointestinal tract. Increased hemophagocytosis and eosinophils were seen in the lymph node and bone marrow. The specific case drew attention to a potential association between the coronavirus disease 2019 vaccine and fatal myocarditis.We suggest that strenuous training associated with skeletal muscle damage, together with the strong immunostimulatory effect of messenger RNA vaccination, may lead to autoimmune rhabdomyositis that potentially cross-reacts with the myocardium. Athletes should be aware of the potential danger of heavy training in close proximity to vaccination or acute infections.© 2026. The Author(s).
41826965	Ischemic stroke during dengue-Plasmodium vivax coinfection in a young woman: a case report.	Malar J	2026 Mar 13	Malaria and dengue are tropical endemic infections that can cause severe vascular and neurologic complications. Coinfection with Plasmodium vivax and dengue virus is uncommon but increasingly reported in co-endemic areas, complicating diagnosis and suggesting possible pathogenic synergy. Although each pathogen has been linked to stroke, cerebrovascular events during coinfection are exceptionally rare.We describe a 23-year-old Colombian woman, who recently returned from Chocó, and developed acute right-leg monoparesis after 7 days of fever. Exam: hypotension and jaundice. Labs confirmed P. vivax malaria (8200 parasites/μL) and acute dengue (NS1 antigen positive; IgM-positive/IgG-negative). MRI revealed an acute left ACA infarct. There are no traditional stroke risk factors. She received artesunate-primaquine, supportive dengue care, and aspirin after her thrombocytopenia resolved; her neurologic function improved with rehabilitation.This case highlights the potential of P. vivax-dengue coinfection to cause ischemic stroke through synergistic endothelial injury. Early recognition, targeted treatment, and coinfection screening are essential in endemic areas, especially during vector expansion.© 2026. The Author(s).
41826836	Alterations in glymphatic system and brain morphology in patients with temporal lobe epilepsy.	BMC Med Imaging	2026 Mar 13	
41826711	Circuit response to neuromodulation characterized with simultaneous deep brain stimulation and precision neuroimaging in humans.	Nat Neurosci	2026 Mar 13	Deep brain stimulation (DBS) is an effective treatment for Parkinson's disease (PD) but its neural mechanisms remain poorly understood. A mechanistic understanding requires precise characterization of functional responses to various stimulation conditions within the same individual. Here we use 3-T magnetic resonance imaging (MRI)-compatible DBS and precision imaging to collect extensive data from 14 patients with PD who received DBS. Across five timepoints spanning 1 year, each patient underwent 11.7 hours of functional MRI (fMRI) under seven stimulation conditions (30-172 min per session), 2.2 hours of structural MRI (26 min per session), 1.3 hours of diffusion-weighted MRI (16 min per session) and neurological assessments. Imaging data were also collected from 27 healthy participants. DBS normalizes connectivity in the somatocognitive action network and evokes differential responses in two distinct neurocircuits: the primary motor and globus pallidus circuits. Target cortical functional connectivity predicts clinical outcomes. This densely sampled dataset provides reliable, individually specific functional measures and is shared with the community to accelerate research into DBS mechanisms and improve personalized treatment strategies.© 2026. The Author(s).
41826661	Morphometric alterations of the gray matter of the frontal lobe during childhood in healthy children born prematurely. Repercussions of foetal and postnatal growth restriction.	J Perinatol	2026 Mar 13	To determine, in healthy children born prematurely with very low birth weight (VLBW), whether the cerebral morphometry of the frontal lobe is affected by foetal growth restriction (FGR) and extrauterine growth restriction (EUGR).A magnetic resonance imaging study was performed of 117 children during childhood within a cohort of VLBW infants. A neuropsychological study was performed using the WISC-V test and the Child Behaviour Checklist scale.In children with FGR and EUGR, the volume of the lateral orbitofrontal cortex was reduced in both hemispheres. In this group of children, we observed smaller volumes of the pars opercularis in the right hemisphere.We can conclude that FGR with EUGR in VLBW infants is associated with smaller volumes and surface area of the lateral orbitofrontal cortex in both hemispheres. These nutritional situations do not condition relevant structural modifications in the rest of the studied structures of the frontal lobe in our sample.© 2026. The Author(s), under exclusive licence to Springer Nature America, Inc.
41826659	Brain volumes in fetuses with congenital heart disease and placental vascular abnormalities.	J Perinatol	2026 Mar 13	Investigate the association between placental vascular abnormalities and regional brain volumes in congenital heart disease (CHD) fetuses with and without genetic abnormalities.Secondary analysis of brain magnetic resonance imaging (MRI) and placental pathology data from 121 CHD fetuses enrolled in prospective neuroimaging studies at two centers.Placental vascular abnormality was present in 46% of fetuses, and genetic abnormality was present in 19%, including 12% with both abnormalities. Fetuses with the combination of placental and genetic abnormalities had smaller brain volumes compared to fetuses without either abnormality for total brain, subcortical gray matter, brainstem, and cerebellum, with a significant interaction (P < 0.05) between placental and genetic abnormalities for intracranial and subcortical gray matter volumes.Smaller brain volumes for CHD fetuses with placental and genetic abnormalities may suggest common genetic pathways affect placental, heart, and brain development, or that genetic abnormalities heighten vulnerability when placental changes occur.© 2026. The Author(s).
41826595	Adaptive, Privacy-Preserving Small Language Models for Multi-Task Clinical Assistance.	J Imaging Inform Med	2026 Mar 13	The purpose of this study is to evaluate whether a single, fine-tuned SLM can match or exceed the performance of LLMs across diverse clinical tasks, enabling hospitals to build tailored, privacy-preserving, efficient, and deployable language models that do not require managing multiple task-specific systems. We used SLMs of varying sizes and applied low-rank adaptation (LoRA) for fine-tuning across three clinical tasks: (1) medical report labeling, (2) DICOM series description harmonization, and (3) impression generation from findings. These tasks were constructed using two datasets: the public Open-i Indiana University Chest X-ray Dataset and an in-house brain MRI DICOM metadata dataset. We compared single-task SLMs, a multi-task SLM (representing our proposed configuration), and GPT-4o using zero-shot and few-shot prompting. We found OPT-350 m to be the optimal SLM. In medical report labeling, the multi-task SLM achieved an F1 score of 0.894 compared to additional prompt-engineered GPT-4o's 0.728. In DICOM series description harmonization, the multi-task achieved an accuracy of 0.975 compared to additional prompt-engineered GPT-4o's 0.878. In impression generation from findings, the multi-task SLM achieved an average Likert scale score of 4.39 ± 1.00, compared to GPT-4o's 3.65 ± 1.00 (p = 0.0008). This study demonstrates that a single fine-tuned SLM can serve as a general-purpose clinical assistant, offering performance on par with or better than larger models. With lower resource requirements, greater customizability, privacy protection, and strong task generalization, fine-tuning one SLM to support multiple clinical tasks meets the practical demands of clinical AI deployment in both high-resource and resource-limited healthcare settings.© 2026. The Author(s).
41826522	Deep optimization-guided hybrid neural network for accurate detection and segmentation of white matter hyperintensities in clinical MRI images.	Sci Rep	2026 Mar 13	
41826431	Efficient cosine-windowed cross-correlation for intermediate deformable image registration.	Sci Rep	2026 Mar 13	Deformable image registration is commonly included in population and longitudinal medical imaging analysis pipelines. Initializing deformable registration with the results of affine registration, where global misalignments have been reduced, can improve overall registration accuracy. Affine registration, however, uses a limited linear transformation model that does not align nonlinear anatomical variations, such as those between pre- and post-operative images or across different individual anatomies. In this work, we introduce a new intermediate deformable image registration (IDIR) method that corrects large deformations via cosine-windowed cross-correlation, and provide an efficient implementation via the fast Fourier transform. We evaluate our general-purpose approach qualitatively and quantitatively on 2D bone X-ray images, 3D brain magnetic resonance images, and 3D abdominal computed tomography images, demonstrating its ability to align large nonlinear anatomical variations within a few iterations and its suitability for initializing standard deformable registration.
